words,sentiment_coeff
orang,0.9679872852529708
ya,-0.9819812371167638
cinta,1.0191536062635584
sayang,-0.9550236523521347
takut,-1.0020316002424063
nya,-0.9792000542388217
sih,-1.0111313147813918
suka,-0.9970100814680828
pakai,-1.0096855066578094
anak,-0.9538630556711117
kasih,0.9589033884847262
salah,0.9757168906451104
hati,0.9786662490703654
teman,-0.9973881391724722
ku,-0.9663277574111048
pas,-1.038118716959526
bikin,-0.9856570243550429
jalan,-0.9620238227177504
moga,1.0025367557595557
hidup,1.0043668104741081
-,-1.01249211809274
bilang,-0.9952075459105607
rumah,-0.991363926244606
nyata,0.954304989028075
si,-0.9970564291473553
kerja,-0.9692255298473434
lihat,0.9653758190707907
biar,-0.959116515943765
kali,-0.9816235115988534
allah,0.9909978003382031
sakit,-0.9897945083045802
makan,-1.0208691915307746
langsung,-1.0020317523524558
terima,0.9844550625073275
malam,-1.0017185930027217
bicara,-0.9841262826776319
tuh,-1.0057789391916379
pikir,0.9688449243459403
jam,-1.0254875531792131
masuk,-0.962645038138079
ajar,0.9753581859311152
liat,-1.0154299833068072
gin,-0.9780338030445485
gimana,-1.0038017603504246
deh,-0.9775887950286204
laku,0.9914938522614535
cari,-0.9658368435264307
tidur,-1.024931143968821
tinggal,-0.9734667370232618
selamat,0.9977639483406111
pulang,-1.0026388610016532
coba,-0.977440850180286
jatuh,-0.9701044024837543
bahagia,1.017041429476386
baca,-0.9905013117425348
mas,-0.9921281594622026
iya,-0.9915965318296521
main,-1.0035494613219826
nih,-1.0168927067109566
buka,-1.002983520001188
bawa,-0.9625550687202435
pilih,0.9868287595677724
kemarin,-1.0079208639773263
indonesia,1.0320271975043567
beli,-1.032907344977965
kaya,-1.0060394431203104
i,-1.0003968525039282
cerita,-0.9904026566921673
mata,-0.9828389970209903
beda,0.9648724739119664
asa,-0.9574688489126919
eh,-1.067710241301283
tuhan,1.0585543529722548
cewek,-1.0017500915681332
senyum,-0.9667920603740372
abis,-1.0825529860027987
percaya,1.0415834180211423
sehat,1.0115921744533027
nama,-0.974730891857326
lupa,-0.9793257436577052
enak,-1.0184617685151809
diam,-0.9829542458130438
dunia,1.0398785069978584
an,-1.0006708611034556
kadang,-0.9931551193141088
pagi,-1.018340810293821
lagu,-1.0288720226479526
mah,-1.001088606559531
seram,-1.051130934700682
ganti,-1.0081449999972245
mati,0.9756805743269672
d,-1.014222932290344
ketemu,-1.0145120719748426
rindu,1.032976073251489
doa,0.9967913963230715
you,1.0141522892872108
bangun,-1.0123969283792753
nonton,-1.0407562629220697
foto,-1.0313528162955383
habis,-0.9955736393434481
pacar,-1.0099323694511735
alhamdulillah,0.9895097097899952
sekolah,-1.0110307312636668
sadar,1.017218898722298
negara,1.0713274556732237
kenal,-0.9829436393885607
hasil,1.0042514471071686
usaha,1.010215094622536
indah,1.0524867428886762
dengar,-0.9981894423123897
papa,0.9952304393274665
butuh,1.0017210831829706
mu,1.039382215565272
n,1.008652550643076
keluarga,1.0047661143657638
pergi,-0.9875780692109003
bagus,-0.9914433523387416
susah,-1.000843577252697
manusia,1.009034122184057
kek,-1.0302341225121392
mama,-1.0334664642686753
wkwk,-1.048221270827443
temu,0.9728522767187996
maaf,-0.9897684576381858
isi,-0.9882155229418417
a,-1.00838689710612
harap,1.031171251958865
cowok,-1.0439670958027214
cepat,-0.987171572614946
tahan,-0.9742287756701207
senang,-0.9763479852638608
uang,-0.9989179158159082
presiden,1.0649666361675425
via,-1.0358288056613179
sedih,-0.9871319478288586
marah,-1.0214924884592882
tolong,-0.9892651349201677
buah,1.0148835142476689
in,-1.0046571700298577
kuat,1.085578676027075
yah,-0.9896405507067785
kelas,-1.0033056909372742
harga,1.015115847169472
semangat,0.9836676495957661
muka,-1.0238556881641507
hilang,-0.9682986505707418
ubah,0.9773518937777903
suruh,-1.0292026141097077
ngeri,-1.0232980543916912
minggu,-1.0183035872581723
mbak,-1.0410431778241582
tuju,1.067724616509683
kayak,-0.9961340422748791
cantik,-0.9701761948407763
arti,1.010168297568357
beliau,1.0011223987907256
kirim,-1.033734124457923
hadap,1.0982607849931896
kangen,-1.0430017251471329
dukung,1.137888313289922
tua,0.9887054104417042
tunggu,-0.9876042449430427
the,1.049703017082438
milik,1.0529107319309925
sabar,-0.9544385024120065
jaga,1.0549154246333887
penuh,1.0122025215816255
rakyat,1.0818565995318812
paham,1.0382040724736048
air,-1.0020996808766094
syukur,0.9808229344822738
nang,-1.0790533588403277
sahabat,1.0026548681056213
puasa,-0.9983977077305666
ajak,-0.9957559753924546
kantor,-1.048812255934667
otak,1.0078742141592774
kena,-0.9987212289973924
untung,-1.0243873862618542
tutup,-0.9929711444173913
nikah,-1.022347014770233
niat,-0.9696014823661381
malu,-0.9911470491415089
lebaran,-1.0341216917471523
siang,-1.0525224321705764
kuliah,-1.0192327108781594
to,1.050954680544456
besok,-1.028202217368777
bayar,-1.0487930643577168
kasihan,-0.9676126777510294
perempuan,1.031954284251941
alas,1.0120982819205453
kabar,-1.0026363642112248
haha,-1.0427642764447285
mudah,1.041080021735511
sulit,1.0688963451832292
mohon,1.0698085248773352
pokok,-1.0229093382783527
tulis,-1.031447969119166
yaa,-1.0093632331917206
hubung,0.9986522379230125
mikir,-1.0315712755321722
parah,-1.0350834256946684
selesai,-0.9979930935607366
agama,1.159825001059307
umur,1.0156843662219648
tertawa,-0.9896277104931998
leceh,1.0501817344499034
film,-1.0287015183626453
juang,1.0539572947708842
kesal,-1.029209928065295
berani,-1.0090390576378863
ulang,-0.9991470778034682
jakarta,1.0283730863778504
ah,-0.9905640261789298
gara,-1.1007773054603724
bareng,-1.0159416043404765
duit,-1.0232983286734538
suami,1.0416099077861285
nyaman,0.9685989565265127
tugas,1.0052601880955607
terimakasih,1.1161316897950007
anggap,1.1114201195321236
ig,-1.0667338958150565
hahaha,-1.0599376556946438
my,1.0219748095310317
capai,0.9929089761676351
bukti,1.084575930889345
suara,-1.04330521441529
peluk,0.9855052639193727
baju,-1.1010793380690684
putus,0.9714500425596996
jiwa,1.043184936923781
bantu,1.0739129374923737
ngerti,-0.9992524937398004
jaman,-1.053086206854302
balas,-0.9988893330808393
makasih,-0.9948851363952806
nikmat,1.027970815056918
me,-1.0527307539014137
pasang,1.003398172937514
tanggal,-1.0172876868842016
kalah,1.043407727396245
twitter,-1.0927097856778216
oke,-1.0361169404614734
politik,1.1265149321336088
lucu,-1.0167328075834396
lepas,1.0374723984949172
akun,-1.0698934164525626
vallen,-1.0359948078138206
alam,1.0774466693739086
gila,-1.009203164688877
deket,-1.0851158886773469
ramai,-1.0805663579511768
ambil,-1.001546803464125
oh,-1.0429197121088463
so,-1.0378800973927984
istri,0.9836651214390599
islam,1.1791140461997482
no,-1.0937892651770644
aneh,-1.009790610803231
kakak,-1.0340719075187463
benci,1.0393079582092801
sma,-1.014251076968486
keras,1.0337845029496548
doi,-1.0468632825092914
urus,0.9919640434571132
muncul,-1.0212911443614985
turun,1.0006532603256342
bodoh,1.0679925701081658
tangan,0.9929209920800292
kak,-1.0396476789944047
laki,-0.993456544527014
utama,1.038677411718698
and,-1.02291004350963
setan,-1.0170120058778893
bingung,-1.0555984430054624
perintah,1.0950418458142295
lulus,-1.0330863391242384
wanita,1.0617973862275105
hp,-1.1051795286041783
kamar,-1.0607236391711954
sok,1.0112509229469386
duduk,-0.9832859341102503
jahat,1.0142586119311816
serius,-1.0208116251093358
hehe,-0.9990915090423418
ikhlas,1.053863206001666
ribu,-1.021139013369828
sore,-1.0709953804031802
jujur,-0.987089621351027
sibuk,-1.0101580190412707
jokowi,1.098472245138215
x,-1.0863521088097596
dar,1.0657767969059413
libur,-1.037479990532458
amin,1.063747019577776
kota,1.0196156813979496
perhati,-0.9843377824297969
tenang,1.0026113721357235
chat,-1.0424663917941361
adik,-1.0139870514680647
sukses,1.0732829378912758
bentuk,1.0826628478617977
s,1.0268384978808969
belah,-1.0408236170547782
pimpin,1.1372503687443254
sexual,-1.0322829074026054
partai,1.1929431826936425
dasar,1.064882257845743
pandang,1.0643331557346523
henti,1.0036513462748016
negeri,1.1194455637685323
sungguh,1.078953754004696
korban,1.0546524948564073
berat,-0.9938396225006054
minum,-1.079751284099043
loh,-1.012458640795272
up,-1.0564503991938285
jual,-1.0467477539008658
sampah,1.0521928271016596
barang,-1.048831754161036
bayang,-0.9843395599363267
warga,1.0968945284556115
menang,1.0725127736609552
pesan,-1.0755332632211034
mobil,-1.0421102133039013
swt,1.1483690959235835
bangsa,1.220248839477508
badan,-1.0351475826197651
video,-1.1054165730388044
bang,-1.0552990736638097
keren,-1.0700248291003331
buku,-1.0474403897730113
lawan,1.0854012627001994
mantan,-1.004599183205019
tolak,1.036090364231362
btw,-1.0215413834664355
mending,-1.0443651348538345
paksa,1.0037125582313549
motor,-1.0809318883516668
uji,-1.0022449808959197
gede,-1.078121577121147
mimpi,0.9763720836283901
obat,-1.0435970764928038
gagal,1.0295045527768258
t,1.0162367396519285
it,-1.0384313181884344
saudara,1.0829004081064062
sd,-1.0911533645567175
muda,1.0096030945275007
asli,-1.067689965661184
of,1.0927999049560881
arah,-1.018085058032683
masyarakat,1.1444877870692407
nilai,1.033477245769589
hukum,1.118124842649834
komentar,-1.034069023185326
lahir,1.0625750224799233
kepala,-0.9912495172169211
nomor,-1.0609735295719873
atur,1.0928462469709181
bahas,-1.0208624748919986
ikan,1.1372375817264757
banding,1.0460470147240477
ngapain,-1.0367430736427794
inti,-0.9727622890284875
sumpah,-1.009964836504197
lindung,1.1413696470180832
ngeliat,-1.1052991218601929
sahur,-1.126496037843787
paket,-1.0523894226255135
buruk,1.0500245536929937
ampe,-1.1173420505705485
menit,-1.077043661241028
calon,1.0169291616509193
lancar,1.0134502331275697
situ,-1.033192594159332
kaga,-1.083763252866191
cita,1.0982426960337186
daftar,-1.0204353285134717
rusak,-1.0125160887906115
y,-1.0678735187154358
min,-1.060821565082441
luka,1.0455561379404177
ujung,-1.0039740955881733
maksud,-1.0305181450690988
layan,-1.0109598756884244
batas,1.0040176841147768
khawatir,-1.0099680363235497
bela,1.087706558277226
kuasa,1.1404353732803565
dm,-1.033812835212435
kaki,-1.0353789863148886
acara,1.0436165558850568
hak,1.1168865215512886
asik,-1.0731988750000028
tindak,1.1071689196202745
bunuh,1.1744063567365195
ayah,-0.981472355024478
pribadi,-1.0070321176683223
mba,-1.0799309778647759
ganteng,-1.0086462820461854
antri,-1.0949615609975176
pintar,1.0203308292888804
manis,-1.0005411502888846
damai,1.0872033887554255
peduli,1.1120104226780005
orangtua,1.0196249898404344
berita,-1.0261835150473535
trauma,-1.0125535191489181
tulus,1.100958124094098
dokter,-1.05574320115888
wkwkwk,-1.0887468579661226
status,-1.051050929992323
ilmu,1.0905924966253904
telepon,-1.1451987798093057
tol,1.0659079764868076
kecewa,1.0479591690226624
amp,1.1594924250707905
panggil,-1.011358241567625
kampus,-1.018321370781879
erti,1.0435778524879238
pegang,-1.042112228446649
macet,-1.0708187042314719
cipta,1.1807627093321502
daerah,1.0265723867833463
abang,-1.0567426787795822
bangga,1.1596060679459514
heran,-1.029502690208479
gilir,-1.0618151715763005
hujan,-1.0055204882381719
sepi,-0.9969692534231449
engkau,1.1094105869695197
wajah,0.9881006678757464
grup,-1.0819913242299857
masak,-1.076033325763702
maha,1.1094547162906125
sesuai,1.053959375190694
yaudah,-1.0623340609539607
drama,-1.0568612623089804
mandi,-1.131199973422485
kaget,-1.0974103404902351
ruang,-1.0322934156112415
jabat,1.1244906814119242
aman,1.0427686177494937
bla,-1.062894203191488
umat,1.161129442647135
for,1.0812265096517162
bosan,-1.0411524811976063
dosa,0.9918964323080913
lho,-1.0372294127688841
lemah,1.0984438381176282
berkah,1.0787964768757372
dek,-1.0249676934167125
on,1.0358928470545117
gubernur,1.1286332681414302
ko,-1.0346586191259917
ganggu,-1.052388592984504
ramadhan,1.010332249549902
pancasila,1.1921949698333625
janji,1.0484594179185198
kampung,-1.0221383338896528
tanah,1.0862917503518628
pisah,1.0007021838878603
rela,1.0360761134382601
korupsi,1.1675856808317253
anjir,-1.1163177992847801
tiket,-1.098327795308893
telat,-1.110600817077516
kuota,-1.0306013886290954
sholat,-1.0481611887998854
plastik,-1.0782445547507897
nyanyi,-1.079620302434057
hebat,1.1184160353171595
bahasa,-1.0188024740852164
smp,-1.1323671193560023
bank,-1.0877589533997112
aing,-1.098413161414929
mesti,-1.0759206632043836
keluh,-0.9980075750171848
koruptor,1.1619701285900632
sikap,1.0481606808973496
jarang,-0.990205690051213
jelek,-1.0075045644458622
tadu,-1.1111813689582715
macem,-1.0446850970958252
contoh,1.140369501982805
polisi,1.0205399633486034
kawan,1.0377964216722597
time,-1.02384608933417
dengerin,-1.0628335997440777
tani,1.0410096383416134
tim,1.0973471140162734
b,-1.1151467304054774
darah,-1.0631181995237964
guru,1.0144145204423134
rambut,-1.0620420951777079
huhu,-1.0607297042644916
speak,1.077188813466787
kopi,-1.0228469440318244
wajib,1.0520444774772275
emak,-1.0281638064531156
goda,1.0557023914048649
maju,1.15468265154165
is,1.07811349810492
seru,-1.0661759803008357
lapor,-1.0470593068474217
bro,1.0383013151646503
didik,1.1097349921176793
izin,1.0542664591347237
jogja,-1.0266044310835711
nyinyir,1.0633210900644166
musik,1.020590931264917
wajar,1.0882988828806381
yak,-1.0580368871416965
bu,-1.0327588237874519
sekian,1.009150424261039
sempet,-1.109811860010335
ma,-1.0713980109356147
pasar,-1.032279799213869
program,1.0820276861298803
bahaya,-1.0382439257687543
media,1.074927895422063
nyala,-1.0869620192378342
instagram,-1.049532246265144
panas,-1.0143285149848478
serah,1.0212396981543685
efek,1.0197448158612035
duluan,-1.044581353169995
pindah,-1.0370473021429831
harassment,1.0437899107283106
data,-1.0373424397944202
hadir,1.1365614565491822
salam,1.1010560552952096
buang,-1.0083400761340566
kosong,-1.0555571480406216
barusan,-1.1083414511714276
ayo,-1.0243784658432347
lebay,-1.0180900250322564
ibadah,1.0977238101808
teriak,1.003233794951558
deg,-1.0922205669005358
bau,-1.1451719424504592
sengaja,-1.0170243210583105
setia,1.0745733107114894
k,-1.1344372430540322
kaum,1.1147767062240186
mulut,1.0065369933796853
pintu,-1.020484086783217
lampu,-1.1160150660487689
tanggung,1.009252747801605
rajin,1.0295725688086734
fokus,-1.0044277698394068
surga,1.0610193157884196
cek,-1.1359329335428106
goblok,1.042527470643459
detik,-1.0057140409665744
zaman,1.0586931120977174
merinding,-1.0549560105179985
birthday,1.0685563038899966
duh,-1.0801793778317443
thr,1.0369939640107817
sisi,1.0993154316726368
lengkap,-1.035236524385073
hmm,-1.090942654430414
kudu,-1.1171074567139676
cium,1.0412655981474432
jari,1.0647465364628745
skripsi,-1.0240529796990485
solusi,1.0378628961586454
samping,-1.0328298896207426
alami,1.0897254901148217
parkir,-1.0926510326023853
tatap,1.0013394303859562
sifat,-1.0209403723027162
tukang,-1.0667824546475109
bakar,-1.0397641380868112
jemput,-1.0385246659936844
lelah,1.0054583794259224
lari,-1.0879311449258786
be,1.120171864176538
betapa,1.0895136547329776
perut,-1.1067183155629292
rezeki,1.1279105782151317
rencana,1.0320558990100261
cemburu,1.0632382742593185
nunggu,-1.05184533187878
bahak,-1.164000901774489
sang,1.1853736490411688
masjid,1.0559855044030337
cocok,-0.9966913341977991
rupa,1.1308470671080297
bong,1.0851809683990807
bola,-1.034580211315569
jadwal,-1.0968587226681803
tolol,-1.07335466022653
all,1.2063745725284125
this,1.0653659616743152
bohong,-1.037766573384496
tarik,-1.0130238173049517
mudik,1.0160249097242426
gojek,-1.195702708515686
pusing,-1.1266257885707567
kesini,-1.0539292139656404
hapus,-1.0097779772801696
fitnah,1.0678421890503154
cc,1.1755412672926675
hancur,1.0500645604986996
tanda,1.078556468753098
meni,1.023697147587736
allaah,1.2359648619404782
gambar,-1.0315687823133741
medsos,-1.0558128909669708
posisi,-1.063824734230141
we,1.0653536706499442
dn,1.132162352905483
tipu,1.0369254672641903
kabur,1.049985675455748
belanja,-1.0661668094285903
kondisi,1.045927695091487
merah,-1.035623586887888
gegara,-1.1416690836163592
tangga,-1.032131663691951
bebas,1.0353717495064338
males,-1.103213803222147
guys,-1.0553999067966218
anjing,-1.0321788098729567
jurus,1.0148694556577285
kelompok,1.12550711623295
much,-1.0757646258125353
juta,1.0072233544849774
gampang,1.018608948522139
curhat,-1.1015920770381498
sempurna,1.2185019019477636
gereja,-1.0756923451416966
tonton,-1.0413196777432396
hitam,-1.0166180921468304
putih,-1.007713898405401
malas,-1.043083813265068
sosial,1.1600726184523937
kagum,1.09469967231408
jago,-1.0407517350370683
p,-1.0787941197757467
tuk,1.0832120290558238
info,1.018876107440889
fisik,1.07381265384637
cuci,-1.0970200850585794
at,1.0590949730718267
tbtb,-1.1433330112044666
pasien,-1.0365960294693997
wkwkw,-1.0939191319197088
saran,-1.0423922919700137
ayam,-1.142955982435405
sembuh,1.0501032322969208
kencang,-1.0898038115667386
romantis,-1.028029293574703
bal,1.0277572375769435
juli,1.0723985256846125
lumayan,-1.1012674420215005
mie,-1.171721124853701
terang,-1.0864735188686747
tiada,1.1203675112472697
berfikir,1.0817698172192856
laksana,1.1551503773160365
album,-1.0673064076119863
sejati,1.1761114620126496
bule,-1.040956021433119
kumpul,1.0566144828199646
tengkar,-1.061810361865019
not,-1.0408698602074402
mak,1.0457815526494674
th,1.0304164236283302
sepupu,-1.0414903049124165
ngatain,1.085199747351139
thread,-1.0499260800692571
karya,1.1382623156659433
langgar,1.1975662817226844
bandung,-1.0796026070919507
tingkat,1.0898189702338759
gub,1.1013527515434074
but,1.050046742230645
tumbuh,1.0898363018137536
korea,-1.0386030586712136
please,-1.062098382989928
kalimat,1.0072167154100087
rubah,1.117034493354364
giat,1.0752721842272823
berangkat,-1.0714547288759324
lingkung,1.0114446073588927
muslim,1.1594916128357506
kafir,-1.1147852116713115
dewasa,1.063555617725406
internet,-1.0547222240342065
olah,1.081869419207075
manja,1.0362629249642688
senin,-1.089351218641661
kah,1.0788850165584498
driver,-1.17232419483477
normal,-1.018210787331852
layak,1.169321293280711
kelak,1.135306959388162
bangkit,1.14698512451398
bukber,-1.1111353160517572
surat,-1.0602704009141428
imam,1.1515173891552075
hahahaha,-1.0806993086309202
putri,0.9825913596013252
tetangga,-1.0593022442193436
gempa,1.0692719634080978
langkah,1.154309725625199
inspirasi,1.1318398795213287
mahasiswa,1.044045114657996
solo,-1.0336893162333485
bijak,1.1966651134259252
jantung,-1.005479152672118
langit,1.0729423318221025
hamil,-1.0384731463188022
murah,1.1251755555629448
amal,1.1920037906194059
well,-1.103432101831881
kasar,1.0602593052824616
jalur,-1.032071835223499
sederhana,1.1080966363943712
tokoh,1.2106379138337384
miss,-1.0952548884563946
modal,1.0470920228742473
fans,1.1061763826687148
lelaki,1.089443335309442
om,-1.0356759690477957
order,-1.1841423317579223
kenang,1.084848837120079
gaya,1.0106299795709273
bupati,1.139104802123051
gaji,-1.087545061306817
hotel,-1.063492406502806
dki,1.170250887470138
dear,1.1024957123677541
super,-1.0557353086870023
usia,1.0883281038944093
jawa,1.0826494625491772
sebentar,-1.0135150873181007
h,-1.0663771142437226
galau,-1.1769622077060555
fakta,1.1525625283133119
duka,1.0868965881273345
aduh,-1.0875979206314155
parno,-1.2065313005975489
khusus,1.115693896132837
hormat,1.2938099858090566
jenis,1.092045238700227
miskin,1.0833450986766768
panik,-1.0879585896173307
proses,1.0855771620779493
c,-1.0698385325300415
sepatu,-1.07244093384799
miris,1.0894132804589538
omong,-1.0615097246268665
tagih,-1.0805428498451972
kost,-1.1453384216551072
krl,-1.1320026285879856
mental,1.0880168945324549
kejar,-1.0501426662349513
kereta,-1.0624863139623753
ali,1.1574889426413486
pura,1.0899650166839359
with,1.0661971678950786
cebong,1.1494418543561646
hujat,1.0231063568865417
listrik,-1.0543579888910588
kucing,-1.0694555062925954
tamu,-1.0266481689595541
lokasi,-1.0421340271289925
best,1.1019471853083833
suci,1.107609060604819
update,-1.1713918459368307
degdegan,-1.1074690375740894
istirahat,-1.058997818263617
subuh,-1.0861779415479142
ragu,1.0720026836901582
elu,-1.048318733610449
nyokap,-1.0867628163780043
tangkap,1.0894131950873271
segitu,1.019489781247108
mundur,1.11910967935276
kecuali,1.1040666876042933
manfaat,1.1943865978595094
laut,1.0513587549432428
ka,-1.0264380328338003
juni,-1.0564168377739058
bpip,1.2225282755467828
tubuh,1.0832234210571559
bom,-1.036391740225749
alias,-1.12371475111817
siksa,-1.027530191966915
sosok,1.114685956300342
bubar,1.2146756113006347
sistem,1.0837762648745968
netizen,-1.053151866988443
aplikasi,-1.1345345179372341
story,-1.0885288002276736
semester,-1.0391738180226
canda,-1.059525841869378
dpr,1.1102064195128183
prof,1.1265982266883379
emosi,-1.1122769183329533
pilpres,1.1546283255992886
bersih,1.132656659639189
mulia,1.1994839114888523
digituin,-1.079229786435357
nongkrong,-1.1136292165600952
koko,-1.1435349361757037
adil,1.1319505965635315
dangdut,-1.0712349789992601
bunda,-1.0046495498188746
versi,-1.0664278568540333
terkadang,1.1338156643202353
haru,1.0365300120433174
sapa,-1.0145689687284698
jijik,1.028737266008433
fix,-1.0395251065399527
nasi,-1.128973180072098
maki,-1.030124701500255
larang,1.1367968543780698
al,1.0594210743697612
sangka,1.0989475105170352
or,-1.1085158628053096
daya,1.152621755068262
ketua,1.133281240603206
lempar,-1.0271714011090833
lambat,-1.064380649185792
dingin,-1.052459597528404
hadiah,-1.039417971347534
ayat,1.0557909847095845
jodoh,1.1102142174724896
yaallah,1.038194214955712
rendah,1.1534382944811377
ribet,-1.175228750565998
buru,-1.0264454206831106
nenek,-1.0538244666590362
why,-1.0686570427602435
maling,1.1151650976367717
awat,-1.1021661352441983
kutuk,1.3037739941692745
life,1.0875650529780683
sidang,-1.0488822333534746
neng,-1.1109378852583616
bisnis,1.0298641312159296
la,-1.0714961760652082
bunyi,-1.078448647535825
kampret,-1.0930688160592594
egois,1.1222074142036513
taun,-1.1166263155675262
jt,-1.0554313678911798
sinar,1.1223810894678987
tabung,-1.0466114014423968
day,1.1195277747868357
dada,-1.1132387471387553
un,-1.0483298631343743
dadak,-1.1233497112275246
dosen,-1.0290786844997537
gelap,-1.0079217661943647
rapi,1.1111645965535422
good,-1.0732771373268888
tipe,-1.0399199502720642
gantung,1.0646003724767994
rt,-1.061638638262314
one,1.0739589700560779
anti,1.1132137103569835
kualitas,1.0562618768644816
netijen,-1.0286389089442283
saking,-1.0800913543629682
mahal,-1.1212061361984256
ato,1.0595131557146478
nada,-1.0465320008161698
asih,1.1945832218200123
alamat,-1.118468404706407
bentar,-1.0845060931310186
tong,1.1762618129892006
telinga,-1.0208347202207912
dana,1.0921798060635135
cucu,1.015074228443711
akibat,1.0746530226088737
hitung,-1.0035666997768984
rejeki,-1.0323745210977788
anies,1.1284898652760587
nasib,1.1297684314483398
sopan,1.0237767721930038
e,-1.0988727315513394
desa,-1.0529346872094103
kiri,-1.1085135943731752
santai,-1.0258296332669588
sepeda,1.009375314831402
sisa,1.0233553260623807
sombong,1.046688943199441
kaos,-1.0697977115079698
teh,-1.1197088167896052
mari,1.094042588987116
jaring,-1.099556724975225
are,-1.0830534708360693
materi,1.1153145463486287
kisah,1.1500905326436455
iman,1.1441686200500043
anggota,1.2125624424612755
angin,1.0325474644890948
pecah,1.0142806928619872
sejarah,1.0833767862803148
ilang,-1.1118495341145969
sesak,1.074524158405004
thanks,1.0769172213418123
oppa,-1.1204607957085444
rugi,-1.0803370213929335
ekonomi,1.154145760934407
stress,-1.1102694432744102
goreng,-1.151846510647885
pantes,1.0695355115826457
receh,-1.1162008110981658
bahan,-1.0368890627695533
lapang,1.0337138326876674
m,1.0640636170258893
stasiun,-1.0995489690673237
bidang,1.1756488288559521
teroris,1.2427321198019712
yuk,1.0531365871863048
wujud,1.2321625878759161
online,1.0321976426813868
nkri,1.2217623940355837
do,-1.08043696758066
gratis,-1.1164645519988836
kakek,1.015947824463588
bimbing,1.0439758952651532
bener,-1.0557545802899424
adu,1.1212471848211223
radikal,1.1722657499864122
halaman,-1.0945341012895087
jarak,1.0304324356046042
putar,1.0381005696649532
tante,-1.0786129394445416
aa,-1.0418695314001898
member,1.015435597880664
seksual,1.1853691821737893
juara,1.2089251106777898
lapar,-1.0739357174090618
kesan,1.1197646590724901
rokok,-1.0250853678770038
akhirat,1.1747212419573723
like,-1.0813687864146184
o,-1.087053449309165
arab,1.1695415796149145
internasional,1.1466714432179186
kanan,-1.1436267048669788
hawa,1.0545204317416657
ngantuk,-1.0879149958258805
sby,1.0641928486259993
gerak,-1.0631364939685242
penjara,1.1285604727795675
aktif,-1.0304575300007652
perang,1.2570203782198544
resi,-1.150638890583777
cabul,1.173507603409253
kpk,1.1879393156272866
amanah,1.2662506012936199
bocah,-1.1268415829237324
latih,1.1233945331905801
ha,-1.0909628117152588
pantai,1.0657169586941708
saing,1.1447560163920267
tau,-1.0791508293982193
bayi,-1.1129261898185487
malaikat,1.172355982850907
jerman,1.1100283630110797
debat,1.0529034747037487
sms,-1.162859337007374
bunga,1.016144597343432
now,-1.077505842710147
nusantara,1.1750002407752798
solat,-1.0629448429627515
your,1.136716913405363
susu,-1.1414835550837024
positif,1.1145134104247967
bri,-1.1553834016814917
mbah,-1.034774957614643
bekas,1.1218559511842825
baby,1.0337972515610916
god,1.0579093098830834
kasur,-1.061520973407264
maklum,1.080444298645576
bocor,1.1459015740035703
bet,-1.2143083630739286
warna,1.0346030910191777
menteri,1.1539040061631034
bibir,1.0723998697541761
lembut,1.0635961408074077
jelang,-1.1147269965973823
tv,-1.1280764645539718
minder,-1.0392248643273823
politis,1.1130328165060133
tengok,-1.1129183037057087
geli,-1.0780743745688655
was,-1.046486369443476
repot,1.068219886445863
move,1.0696102774551635
facebook,-1.1458932877717427
pki,1.222437949125339
pks,1.2249388066911657
koar,1.1218753832459456
api,1.082171505815308
sial,-1.1256708779203122
sudut,1.1658386432354761
alay,-1.1518200189921595
galak,-1.0533914358042098
favorit,-1.08052558349315
rp,1.0437079266779878
ampun,-1.0718400668752592
sia,-1.0411816948429344
goyang,-1.150813704874432
angkat,-1.1080471879384948
stay,-1.058092624179826
download,-1.1871284137190588
jelasin,-1.1051205957737908
google,1.0715365750727301
pinjam,-1.0672632470540049
mandiri,-1.1487507080030612
potong,-1.1013565145490973
moment,1.082857997965922
demokrasi,1.247785934118094
nge,-1.0485188837890538
pendek,-1.1292579467675397
da,-1.1290407390645603
profesional,-1.1122216959107611
hantu,-1.0718950307566826
gitasav,-1.110618770022254
sila,1.1493168773850047
halo,-1.0782130606251237
maksimal,1.032637902980784
keliling,1.036813017415993
tulang,-1.0524892803302757
batu,-1.0049640813323264
murid,1.0537234324897484
sesat,1.233813010730122
target,1.1038186505283263
feeling,-1.0979611156330242
buta,1.1617069917262273
block,-1.0817639949859252
nyalahin,-1.0458997531988623
tawar,1.095230670094457
dok,-1.138237264657277
tumpang,1.0758482026337879
ratus,1.0839144174555813
team,1.1084779019897977
horor,-1.1487782582852917
dompet,-1.1196428950328654
ribut,1.0903770752551032
logika,1.0736720810612905
informasi,1.1050021469739801
budak,1.090287722452525
im,-1.1213705015593902
asing,-1.0532761641974264
bulu,-1.067271846030418
kunjung,-1.0540905388505784
es,-1.1103307732751113
tes,-1.0644566072517039
sentuh,1.063667620079804
rawat,1.1012642823860515
lol,-1.1656762869148005
celaka,-1.0656553368951232
budaya,1.1180584703910883
ramah,-1.0475183006549105
yaaa,-1.0822336819878808
nyinyirin,-1.0929800725341932
bos,-1.0776260924818197
konten,-1.0761759089484546
yo,1.052396755638425
citra,1.0608820128574612
nongol,-1.0944072706859769
mantap,-1.1070442438850046
rebut,1.0717381417128449
senantiasa,1.1947156435228543
isu,1.2350812196262833
warung,-1.098582014308629
cabang,-1.0906231438186686
nyasar,-1.1324226077195556
kapal,1.059791700071124
biaya,-1.0641230038047944
bismillah,1.1898073472358839
simpan,1.1401936562506825
masyumi,1.2110416179930295
campur,-1.0468138731575385
pesona,1.0984838616867834
bayangin,-1.1541297989960118
ae,-1.0626090954228142
persis,-1.1053387697017611
hmmm,-1.1991878429102523
that,1.1360490752694155
full,-1.2136760038356236
hina,1.1459016254624883
kait,1.1409999371277824
bully,-1.0327552473287709
perkara,1.156670977661242
luas,1.155234903370383
semenjak,-1.1317975325116347
serang,-1.1290932830576819
opini,1.2006175482359238
bin,1.0503117883352417
nulis,-1.185477665321927
neraka,-1.134146370114924
raih,1.2421975338418467
singgung,-1.0836429780617116
harta,1.1276558869711675
ih,-1.0973357992310273
boneka,-1.15500759706966
sinyal,-1.0784783346296585
raya,-1.0822544105976262
puluh,1.1408783477836923
jerawat,-1.0179168595898318
konyol,1.0430420139169747
them,1.1528936730473944
thailand,-1.0620981479890301
atm,-1.190003235488946
ktp,1.0678239997718844
viral,-1.0374215173799402
kos,-1.1673230557984913
too,1.0810288237274237
celana,-1.0854633377509104
busuk,1.101069758858107
dikatain,-1.0741529306649702
game,-1.1043155317769457
waras,1.0874626490014285
gelar,1.191125880040114
kursi,-1.08666435257825
donk,-1.1091961480195607
panggung,1.150694651035101
era,1.1166851868248442
laptop,-1.1150906416643143
bandara,1.0950873155321035
suasana,1.1043702066053698
kulit,1.0398034976358255
rs,0.9829587022134804
tanggap,1.1334607249290751
genggam,1.0770036833186987
sedia,1.1940549236254998
awas,1.1194572941371173
psikologi,1.1587164756070012
dp,-1.1067607089278155
abai,-1.041251778831126
nanyain,-1.20270357369837
cs,-1.131065396668468
lega,1.1123083212710168
halal,1.0394594969978854
raga,1.0730341970283477
bawel,-1.060332469662246
dengki,1.1003493448330979
huhuhu,-1.0202165452239798
care,1.0435390833452736
see,1.1385280542315868
undang,1.0382049233214292
protes,-1.115685807209892
pulsa,-1.1030732939971442
kendara,-1.063197454445737
cuek,-1.0519449696059544
munafik,1.0955900532026126
cerdas,1.2326501627892075
pria,-1.019544094789184
ide,1.0632557477255287
bumi,1.1187800713923688
lantai,-1.101860102106526
pusat,1.1071538952820685
sedekah,1.129961923658349
curiga,-1.114205348482002
bangsat,1.1915506626643286
gendong,-1.0678532953415916
ngaji,-1.0646292962915584
generasi,1.0878302062912182
ye,-1.0380121141950434
akrab,-1.0824883231225435
kembang,1.2311619996320242
minat,1.0790219222640556
gigit,-1.0676526129658586
kritik,1.1165475362114803
tuduh,1.1605779701279846
bacot,1.0561554870729384
sambut,1.1624655642947785
bintang,1.1210621322098602
hangat,1.058513383887947
dimarahin,-1.1403817541674282
indo,-1.1273031010181152
kontra,1.0679804271874982
walopun,-1.0855767312688367
pilkada,1.1355013683414146
model,1.0999298909089685
kartu,-1.1796520689313839
patah,1.0489647484257476
na,-1.0699442704813873
ber,1.0218758750689123
tampil,1.1119593529526801
woy,-1.1860401944839962
upload,-1.1035366369994293
pohon,-1.0504741942433269
tega,-1.151485183339809
sobat,-1.0188346716397592
ngelakuin,-1.0442271605232214
twit,-1.0513188843697752
pen,1.0606740195810707
hibur,-1.1681664039963449
ky,-1.0951353835850344
saw,1.1608881822840265
line,-1.0984920302673615
biji,-1.1182760905833755
nyambung,-1.0251838767582895
betah,1.0848293806742986
yes,-1.1211017907951448
nu,1.1937863824886954
ngapa,-1.0741931832946452
biarin,-1.056986277910648
gaes,-1.0955120339108306
nga,1.1225662159601342
agung,1.1876846027440346
timpa,1.2230759693583837
alah,-1.0872272233885925
keinget,-1.1794260079312704
jasa,1.1299175863769224
nan,-1.0885781197292501
transfer,-1.0848213987265871
woi,-1.0642147053913646
limpah,1.2089800737662832
artikel,-1.0910589890288627
nafsu,1.1415585068594698
socmed,-1.1132198412646077
rasain,-1.0491138365259254
acc,-1.156230575534818
rlt,-1.223892554362087
dilakuin,-1.0777134395174284
artis,-1.0821722158293063
nunjukin,-1.1062976515138407
kado,1.034764943669689
gabung,-1.136330054428202
cakap,-1.0428895769555633
angan,1.1105802115934553
tunda,-1.0960892819834667
maghrib,-1.1530096304160913
konser,-1.1437435294832168
lakuin,-1.0638609139801187
notif,-1.1639302468716703
sesal,-1.0774965362413993
catat,1.051501772682133
yaelah,-1.242802439387423
nafas,1.079403768011968
ri,1.2822935005844325
minyak,1.1388672210311137
tata,1.1529928418068325
inggris,-1.1174568113997698
yaampun,-1.0736950365490692
puas,-1.168915275997807
pedas,-1.1571353807367146
puncak,1.2240239149817727
rantau,-1.037756363851079
motivasi,1.1330800620409474
he,1.081119914568906
hai,1.1181319571660162
payah,-1.044199041501445
uas,-1.0901104810438564
barat,1.1657205945074307
bangunin,-1.2355477037926974
surabaya,-1.1293310127263017
muter,-1.1878203937551095
nabi,1.2177884287830416
dagang,-1.1197521184222698
wanna,1.0343896053649495
pos,-1.1836860580092357
bioskop,-1.1611136188032158
singkat,-1.0271460725166086
alat,-1.102877710393522
her,-1.0805636007916897
vs,1.1188836040598773
temen-temen,-1.1713261336996539
dulunya,-1.0798230243869529
ultah,-1.0118760885447153
susul,1.0884445094437853
soeharto,1.159496410449288
alloh,1.114934418181894
puja,1.1346497740230317
dendam,1.1598470434608985
semesta,1.120045108298728
jamaah,1.231905140247731
ogah,-1.1368355098778478
rilis,-1.1127658851031517
simpul,1.0881020805582997
hakim,1.1617041803801975
polos,-1.0987496701783512
ajaib,1.1034108485441478
hm,-1.207638817012886
persija,1.107090041489795
awet,-1.0679903337046956
beliin,-1.192903596839055
damping,1.1238227955682445
fansite,-1.1485614425511759
tantang,-1.0028435827773248
iseng,-1.1706163306439858
sosmed,-1.0865531749910327
sepakat,1.2991227670251815
maya,-1.0509654280698046
post,-1.1644253474043138
cerah,1.1039003375720609
bodo,-1.125622006534321
sah,1.1069109358692084
ketik,-1.0559311870041554
hah,1.0543497000838544
titik,1.0532714879038436
plus,-1.1479826213791764
makhluk,1.0877330723906897
ngechat,-1.190135682758922
bangtan,-1.0265066838414614
mayoritas,1.135945000592095
novel,1.0892311439323996
kang,-1.0708891583727431
gunung,1.116924212144163
pola,1.083424830402481
batin,-1.087137857579018
situasi,1.2315473639122922
ria,1.0485824452843353
rapat,-1.1181403220397277
kabupaten,1.1458092645995466
telpon,-1.1339802392887164
revisi,-1.0699490005887442
kamera,-1.1126608711455634
piala,1.1144696840905788
tampan,1.1398289727126776
ahok,1.1277345302634783
real,1.0869204028592272
hobi,-1.091453575897062
banjir,1.2393938797200155
tar,-1.1905065925562373
hutan,-1.1084159370739541
support,1.0596766384726721
travel,-1.0608158571265482
jalin,1.1432725715645755
about,-1.0807340117619828
wkwkwkwk,-1.1365527106669826
pipi,-1.0728163097978758
as,1.0676645817005477
nalar,1.1702500300828078
doain,-1.076738740284422
kue,-1.1805779414826947
ngabarin,-1.136735192683596
dungu,1.1289158287589827
deras,1.114179487930581
heart,1.1360775147400788
organisasi,-1.0634982269027407
prabowo,1.236711096189621
matahari,1.0797996497963105
silah,1.1599099030243776
idam,-1.1225222040975071
gendut,-1.153773729132141
sanggup,1.1579267539130138
wisuda,-1.0806912832176205
langgan,1.0444819935072274
tekan,1.0933488829555627
orgnya,-1.0910581086015423
jumat,-1.0838128058958996
am,1.0946039942813282
stop,-1.0912068652691735
ekspektasi,1.1512651273517345
prestasi,1.177830791864741
negatif,1.1091369580258057
teliti,1.1108802384223828
konsisten,-1.1373444570379554
baper,-1.0669165767146005
ad,1.059867579721807
daddy,-1.0501903860252304
duga,1.1418064446726957
song,1.0781251634113225
bolak,-1.2412305759675952
andal,1.1769677424414133
feel,1.0900306867609422
out,-1.1798829296647741
gadis,1.1099996986701246
taat,1.186812527879491
rasulullah,1.1187212684816434
jenuh,1.1402786018129853
pasrah,1.1084097430053181
back,-1.1390327720708977
publik,1.1189412615073058
purbalingga,1.2377940606098896
seleksi,1.1442999232218243
mood,-1.0505627527816053
judul,1.0955227089403
kaca,-1.0866111917411612
seringkali,-1.0921106235492062
pa,1.167347373076637
tanding,1.0872083484783588
permen,-1.213926994735824
jomblo,-1.1673647559639122
mb,-1.1393834746708547
kotor,1.1261874555016662
esok,1.0438327934995928
iyaa,-1.1626250434561016
serba,-1.0309205763795302
ngejalanin,-1.0290655014131989
truk,-1.1148528589204711
medan,1.1877224468219083
say,-1.1296914844100412
adegan,-1.081236512420306
umi,-1.1279299815912642
got,-1.1181766694539121
absen,1.0832904909141419
bakso,-1.2680942936282757
empati,1.1070035528467645
pudar,1.1617500011253203
palembang,1.1848148312360847
kpop,-1.1465874684568824
sejahtera,1.2072137646420074
tawa,1.020460021454152
lombok,1.1155460814315132
him,1.0427256465609802
selasa,1.017615489821933
mi,-1.2513169221239613
aksi,1.1679132754799766
timbul,1.100831099862109
transaksi,1.2109782362581516
pop,-1.1718647016842498
kunci,1.0749415413438888
dibully,1.0976004181094325
ledak,-1.1065986967175074
maksa,-1.1376939764861012
kode,-1.1054019894266423
wish,1.229737846464992
insan,1.1925741518004778
ngetweet,-1.1110550820685647
oposisi,1.212260673010732
admin,-1.090076323165113
bantal,-1.0364492916697452
golong,1.1636603246024924
sj,1.1146152346158897
buset,-1.1546817674327845
budi,1.3211249041206776
menkes,1.313922393159165
share,1.1842313588173448
idola,-1.0000539841816665
utuh,1.1183048488439558
hening,1.0973038229443226
wow,-1.0899690766995203
interaksi,1.1813026181749882
panitia,-1.1206852104567477
tegang,-1.114186295162743
alumni,-1.1882952342244892
ngurusin,-1.07815771906568
sastra,1.0746335037244825
anugerah,1.2432495795786502
klaim,1.2608324000357545
sbab,1.2160153989099785
pahlawan,1.1018051092447514
sujud,-1.0718564782642332
seni,-1.1085950418114734
konteks,1.1873954278143435
sedap,-1.1088366685087478
singgah,1.0658071310718287
gas,-1.170808317023312
oknum,1.2218324055833285
gatal,-1.1641487986055494
univ,-1.0434495636153573
sekal,1.0524035323502807
kacung,1.0958506822962932
tanam,1.0479574737851396
beres,-1.1086397376015018
sebal,-1.0813983066387178
ngumpul,-1.0461164742926834
bekal,1.059301690901491
pelit,-1.1460742538240019
sebar,1.1484851536198177
dewan,1.3893480792039412
ngalamin,-1.0872348644881624
bis,-1.1817409305455806
last,1.191197601107144
what,1.1174904127236516
harrasment,1.1109443159446026
gaberani,-1.0763244590316736
pesawat,-1.2080047712240753
adem,-1.0638622209427078
nasional,1.0996935619913566
ngejar,-1.1206015403113543
benda,-1.0550567759696003
mention,1.0701315233733626
dilecehin,1.1215085350887153
langgeng,1.039816208266605
simic,-1.071858335351998
lenyap,1.205373625180676
nyeri,-1.1514655768874311
lha,-1.24241149761966
saldo,-1.156484988587205
berisik,-1.1147240244103531
hijrah,1.0410030577520277
parpol,1.1948649943708687
renung,-1.0922911034076193
ala,1.1060473229212455
libat,1.1668737064451893
ikat,1.1234570245752749
us,1.1612551519545147
beranta,-1.1791799295800904
samsek,-1.2313919555107629
temenku,-1.0694307011517434
padat,-1.1463651573271276
terbang,-1.1640601337535728
momen,1.214333640586815
desain,1.1167243708698684
final,1.1141441636409934
kecoa,-1.1381262535075536
call,-1.1433838400133822
special,1.1356015739592886
ahli,-1.1412328971425454
timbang,-1.0698944989960935
diliatin,-1.1751391636812607
event,1.1159760394122944
koalisi,1.249413993165362
mapan,1.0471853379281937
temen,-1.1341642568312365
kering,-1.1690897266630282
army,1.0820505023002405
nek,1.075471193567583
toko,-1.1183850643618054
sempit,-1.0710485542521255
ken,-1.098915076258663
stres,-1.1285022499940833
never,1.0819961402689307
posting,-1.1095629705662748
same,-1.1640664289796634
hoax,1.1194630706410764
erat,1.1253974315734654
aceh,1.1556692728438318
ngomel,-1.114779194571451
selera,-1.101415031913786
simak,-1.13568105995265
jengkel,-1.1033977194186528
aib,1.1043915899138852
bungkus,-1.1401232957557879
wilayah,1.207558249427021
jumpa,-1.0775457766624044
ketimbang,1.2095343924274775
gelas,-1.152987835870246
capres,1.330759300966019
jaya,1.1952773688293883
aktivis,1.2762496792033708
gosip,-1.0665779646346047
hepi,-1.0716790992325402
level,-1.1422980695178233
ngucapin,1.1552728745829621
blok,-1.0969810161193563
lebar,-1.160362948673575
begadang,-1.089769377560086
kotak,-1.0575551117928703
iri,1.1619403881919173
atuh,-1.1326022955568305
serasa,1.0596075738038153
akal,1.0515988105113638
she,-1.119967810362177
temennya,-1.1500810852407477
top,-1.0879267728280326
matiin,-1.2635377692259206
pantat,-1.163511768531502
dinas,1.0645724031914527
gera,1.0990602267127192
problem,-1.07306022619685
ngebayangin,-1.214466468139245
selingkuh,-1.1144317498126988
always,1.0944179000212992
paruh,1.127030018249947
mimpin,1.1180402226831971
keburu,-1.0430258071373104
duda,1.0306029725679486
teknologi,1.163939665361861
malang,-1.1871660547664085
acak,1.1463512019890534
uu,1.1846238525869557
dilema,-1.1462575257623366
nyindir,-1.1144577089640604
syarat,1.146454792814378
mamak,-1.1683279204454096
sembunyi,1.0666772725601648
blokir,-1.2702392832754013
h-,-1.1597344595208208
abu,1.0958482200274766
rancang,1.2871072299367423
bantuin,-1.0507509615175805
sharing,-1.0705899839699196
st,1.115917942359491
sim,-1.1218623343999024
mjd,1.2400014685010048
mv,-1.209423070385181
ja,-1.0974250319581214
haid,-1.209960843610569
tuntas,1.2860777744200214
madu,-1.0773893230421852
wali,-1.105638628088723
home,-1.1331675713490563
terik,-1.0772339489645477
wtp,1.2370218447642318
bm,-1.1184071211418856
kader,1.1985812832968576
anniversary,1.143493193225379
pelihara,1.0942243720551408
jilbab,-1.1644223555544404
kelola,1.2558785883706072
ina,-1.1582622496610844
psi,1.1435548508835645
reply,-1.1490193075845518
survey,-1.195165498616272
getar,1.0975495780663815
just,-1.1156332875773467
kyungie,-1.1284176766939484
bapa,-1.0414350351233141
undur,1.1141518077677153
larut,-1.0460135635972656
cegah,1.1930429245861802
presentasi,-1.083565644547228
nyawa,-1.0964099833669971
mensive,-1.0635994018046908
bedak,-1.188083486261671
banci,-1.22388032766786
nyampah,1.049796275950091
lokal,1.2043781725762501
lisa,-1.121137656168285
kimia,-1.1085077102885148
live,-1.1670195450641838
bener-bener,1.060411284912571
sex,1.1342802928534665
heboh,-1.2131482448183124
bca,-1.1616379100986176
nempel,-1.1733451922634575
brengsek,1.2125185631654327
twitt,-1.1291332935152643
thank,1.1945987979064452
nomer,-1.2029611803685523
cancel,-1.0793682061013135
bersin,-1.2046556998716806
ukur,1.0809392371099176
mampus,-1.102748334583176
yha,-1.0367378114049906
kat,-1.1442072744558593
je,-1.1046607272781486
yu,1.1299598015364927
rezim,1.2476688248122731
muhammad,1.2927480375979177
idol,-1.1692186846324442
horror,-1.1511783052863318
nye,1.1018044735943444
rekening,-1.0959979177489236
layar,-1.1593954915931226
cengeng,1.0768468401688223
boro,-1.1779454601535164
makna,1.282118020711787
liga,-1.0947684427655766
nampak,1.1426395602250485
tetiba,-1.13652115150102
nanggepin,-1.1269544964464995
-saling,1.1910653756992486
jajan,-1.1308968543816156
fd,1.5006802748502825
jebak,1.0892649022317027
karakter,1.0417628605937879
yogyakarta,1.1606167110979548
quran,1.0553602381655647
kece,-1.1068681093582033
sarung,-1.1842337947386556
asi,-1.1403785367145163
alir,1.145463220750668
pro,1.2230274757855433
produksi,-1.1657068452778643
indomie,-1.166950192205396
kog,1.0751383146867224
whatsapp,-1.2109740618867977
tweet,-1.1323607038323367
bain,-1.0891346066778917
world,1.1781995332378945
alhasil,-1.1850749776029288
korup,1.2012627013776767
olahraga,1.1492617165548682
verbal,1.2091586106893482
masukin,-1.2105689366099417
lantas,1.1149915516558742
mall,-1.194565727214472
wes,1.1957828911886084
kristen,1.3489364873022964
pulau,1.1266093197451685
hehehe,1.1434494180077164
right,-1.129609529867614
burung,-1.0786764792959895
more,-1.0868245423149407
dampak,1.1701250900382931
takluk,1.2195535889925868
gembira,-1.069966796977512
bolong,-1.1557714737382871
cermin,1.1561751439199899
zonk,-1.1217715998061153
baya,-1.0950790295234238
batal,-1.1038776051382344
cemas,-1.1118514485701922
jne,-1.154997685001945
tangis,1.0877319455765988
tali,1.1011429072222951
sing,1.0779690448071968
ramadan,1.076043094387496
kelapa,-1.172509326669227
puji,1.1264035604099008
bibi,-1.05969387134359
kab,1.1399673605841485
ojol,-1.1681063794835365
lontar,1.0917353405818104
omel,-1.0943083756497398
apresiasi,-1.1485837678146014
proyek,1.2110119284312393
konsep,1.0672269373554684
pis,-1.1789210713273957
ongkir,-1.1119731016687282
otomatis,-1.1140789388100998
produk,-1.1045921704914248
cingur,-1.1792963496099997
ummat,1.2645201375833628
saksi,1.0407534381970325
ensenang,1.117926749295384
ijin,-1.1808255038917301
abadi,1.2974281257979767
otakny,1.2746656237136627
detail,-1.168834120883664
deketin,-1.1557289067857985
ap,1.1631695969807254
kabinet,1.20764962907501
iblis,-1.0915558220442685
eike,-1.272708088401911
sudi,1.301635410316295
timur,1.2435346652398043
jamin,1.2413203426293256
sembah,1.1332392475555253
selatan,1.1596924330299176
fakultas,-1.0561232855200022
buk,-1.1440741640172363
adab,1.2868895366089645
will,1.1647864338297678
cahaya,1.0292886187255212
photo,-1.1176282438478764
boy,1.0956362729899667
dangkal,1.193896894015159
disalahin,1.0740502655756219
tb,-1.1155282259040653
pariwisata,1.2008668634091362
berkat,1.1377737325626378
center,-1.087872509390022
menu,-1.0795423748946265
pundak,1.0733467349391503
rahasia,1.1917094032892819
angka,1.1511204643424018
soekarno,1.3964791511400267
flash,-1.1255244304299283
positive,1.1509228956121984
isa,1.1789012402334207
lolos,-1.0809087902936345
blusukan,1.114944302396772
partner,-1.059331460688166
abdi,1.113473869734382
handphone,-1.182108744461963
sari,1.1384499428350243
semarang,1.0849402452051304
tahi,1.193377143437123
nd,1.2750330055254595
kesana,-1.1342445840954205
pecat,1.1813727775493175
episode,-1.2201721205197473
mega,-1.0537529100415115
go,-1.0935047015925712
haji,1.1007673444096242
ulama,1.2191952625050353
tukar,-1.0677438248136644
ekspresi,-1.1170169834289987
mewah,1.070877582178211
degan,-1.1627076887321102
rianna,-1.048841033706692
hutang,1.136655783824492
kejam,1.3294671524302375
gara-gara,-1.1352743155409573
bpjs,-1.1140305477388708
nol,1.214472606232023
junjung,1.1460165555746418
respon,-1.1056519185956295
follow,-1.2223297159486046
rampok,1.27848224512494
ta,1.138366597597877
karyawan,1.076498303461878
idung,-1.1926365860286785
khianat,1.1285925512239312
pengaruh,1.1319434101526755
wangi,1.1103746139404382
ustadz,1.2779335860737306
penasaran,-1.0225598968153349
lurus,-1.170531247268752
sunyi,1.1959393075680413
save,-1.2290834718576529
kandung,-1.1200747890319738
musim,1.0759602699441708
hihi,-1.28022242835649
pasuk,-1.1465526091470786
wifi,-1.0999972177924013
wib,-1.1145889726639093
kirain,-1.1958051335271795
agustus,-1.1690096182854612
broken,1.1027572083345398
first,1.2687625628890962
ny,-1.123550875472977
jatohnya,-1.0805658427733522
free,-1.1593203191976713
merem,-1.1534991206633887
pahit,-1.076452049825564
resiko,-1.1150282254269623
ngajarin,-1.1135880988804057
dedikasi,1.2091552324027477
muak,1.203114550681019
resah,1.1404475050318728
its,1.1127849978623636
faedah,-1.1393552126592763
udara,1.0995840289461611
piye,-1.226997230523919
from,-1.1010585518507132
salut,1.2382792879976727
sayyidina,1.2204775317477219
kambing,-1.1344742620107187
pelan,-1.0293635491836863
someone,1.0870377311708634
kesel,-1.2887487179017796
ngebut,-1.238349357372026
disiplin,1.1579486519743838
iyaaa,1.1464313969331266
artidjo,1.2072372915147906
sembarang,1.131572527179839
kubur,1.2316401220835296
asyik,-1.1527064008432004
diem,-1.1220029406554575
sepak,-1.1191071533150316
dokumen,1.0637749320646752
sandi,1.0453823981575088
tepi,1.1900237022799063
kiamat,1.2851425963859013
gigi,-1.1556778801450924
gugup,-1.1158680680326152
sale,-1.2552922163725269
selagi,1.1001397861217006
selimut,-1.1283583292096153
nyenyak,-1.1404717682159655
mampir,-1.1642706254147055
jalanin,-1.0981997620111676
shop,-1.12640564240291
makassar,-1.2567317286538204
vibe,-1.1081664256193986
helm,-1.110945478554342
ade,-1.1509708750963028
persib,1.054170417604283
skincare,-1.2131931826978748
dikenalin,-1.138437344925923
long,1.1710968563765751
sungkan,1.0748604668485393
hamba,1.22566291694648
lemas,-1.2197810672409548
tular,1.1616868620309315
meja,-1.2010661488463223
unik,1.1419926600510308
gengsi,1.11132467909009
segenap,1.2538464855894973
abal,-1.1104868533835524
lirik,-1.0591100434390244
halang,1.1738841991122841
khilaf,1.1735041658962195
sensitif,-1.1005742538591252
gugur,1.1416075743154228
jaket,-1.1319055301240988
coy,-1.263227618377432
alhamdulilah,-1.1353596882541577
ehh,-1.202154736997838
bobrok,-1.1561179636769447
latar,1.35372878552944
tuker,-1.0892569207910905
tenaga,1.1524577446983553
email,-1.1269966260876396
sensasi,-1.129774956516105
alm,-1.0742095077368872
mindset,1.236163232022359
telkomsel,-1.2162919547287632
energi,1.1595162589593924
matang,1.1174051301675068
toleransi,1.3795285780688038
aji,1.3419557069569426
wae,1.201297600648753
titip,1.119862675553271
jak,-1.0554213852083965
impi,1.2403975130543587
marahin,-1.2134438925730042
lang,1.1375933380294376
gemuk,-1.036331027370458
kurus,-1.1572141342067714
masakan,1.1045005216223687
astagfirullah,1.12648909551762
v,-1.1475755867675472
kreatif,1.1620292128670051
mobile,-1.210128547562081
mafia,1.267506402862671
istimewa,1.2484086993767038
lekas,1.1878399417782086
selip,-1.1162823249285803
dewi,1.1454106932715464
ganjar,1.1452962020481445
dont,1.1673799833570813
patut,1.165934066178062
pamer,-1.1215605676495113
inovasi,1.165654347323752
periode,1.202238100131292
picik,1.2242365891577816
bentak,-1.0738137262302325
indramayu,1.2355461695393182
singkir,1.190248526403212
mbok,-1.1431891763677895
lampir,1.1822839748772642
suspend,-1.2197272550574458
bandit,1.3288683877449314
hidung,-1.1697276949396667
konsumsi,1.183316416853206
thinking,1.1459078380366898
tabrak,-1.129758386137274
tok,-1.1742576740897517
pancasilais,1.2160298165566632
chara,-1.1741206923539143
satpam,-1.1571776736620818
bahagiain,1.0979291306882943
sexy,-1.1116239381496218
seronok,-1.1478786534963736
tt,1.0823187370893947
tag,-1.200298337383726
rekan,1.1069301416021042
terios,-1.2540654340262392
bat,-1.1502820995694116
maning,1.2670706289677498
vitamin,-1.2073966474734734
after,-1.1191642246697828
bb,-1.0381338678589591
poto,-1.1405224167947499
girl,1.177761436736456
minim,1.1278679672609242
kencing,-1.1006555873410149
everything,1.3290219497995983
ayu,1.0622070410568591
fasilitas,1.1207657001128646
tualang,1.162887733000359
hasut,1.1729158621152507
help,-1.223272752295831
milu,1.13137539939672
pandai,1.2024100499451043
ngeselin,-1.0790847338620702
tni,1.1815082189514476
mesum,1.2587433638532677
least,1.1614597030984455
mentok,1.1272215689288931
pajang,1.1103134367072167
respect,1.1784810872942462
aktivitas,-1.1994974366665268
fandom,-1.1439741062021567
almarhum,1.15289821494404
mikirnya,-1.2300906679385013
sponsor,1.0549652057456813
dakwah,1.2820565872506802
maafin,-1.1484444729613943
bonek,-1.0709737790820377
gimane,-1.1951625621050321
alih,-1.1310602280120257
gemar,1.2938687304931036
unit,1.1870553118903135
tebak,1.47333254714791
agam,1.2409023906922707
done,-1.1410146463275201
okay,-1.1343246962215083
simple,-1.250152287715033
ngeluarin,-1.2818717389184704
tuntun,1.3032233968455622
jepang,-1.0640152325326533
have,-1.1379155876883669
face,-1.14625995520831
cair,1.1703910807607907
radikalisme,1.192383559487262
nyiapin,-1.186621141421473
astaga,-1.151208922782822
beb,-1.2594972506226363
honda,-1.1360753109026895
perih,1.1021276853800046
rw,-1.1017861195860408
tj,-1.2257512034544813
gang,-1.124152664569298
bensin,-1.1785213404119177
han,-1.1592792390225288
kasi,-1.1225986436295645
etc,-1.2132446551484848
pajak,-1.1586459194684817
kandang,1.1466092565548929
biarpun,-1.1813870730168217
pamit,-1.1463069820450307
kening,1.1232476692961884
misi,1.175605569624965
peran,1.274588492732293
copot,-1.0937951532881105
upaya,1.2919822779794026
lewatin,-1.1117191334729126
gemes,-1.173925007294134
waris,1.1016109783300976
sumber,1.0989128689911343
simpang,1.231878023505973
candu,1.1342605069631055
utang,-1.106501439860907
istana,1.2323511278875334
php,1.1689467608309996
edar,1.1220389095940535
puisi,1.228663008929758
kertas,-1.1356848980866106
family,1.1825440835677223
rasullullah,1.1797901494600342
jabar,1.1343359260266437
sik,-1.2022755646793415
streaming,-1.2500328194360437
sayyidi,1.1472438016497728
ignore,-1.1479212939165253
sepele,-1.1768863733332622
inna,1.2766113833031671
innalillahi,1.2620143300526319
harto,1.2047647525543
duhh,-1.189109795727318
karir,1.231575474926801
radio,-1.0938337823545792
maleman,-1.2120155135963417
fake,1.1699369619763833
true,-1.1130615963842225
beras,1.123943987398053
antero,1.2458108874660327
jurang,-1.0753701465869303
emot,-1.1637090128368173
bablas,-1.078458793559679
minimal,-1.134717390138605
ngrasa,1.0753438790385097
insya,1.1658629934687383
kampanye,1.1319998881931668
kian,1.2855606473630907
sinergi,1.3487559609819568
polri,1.3546577040371521
met,1.2216282960796823
pst,-1.1783413341576638
tunjang,1.1201224225086814
qur,-1.1022391199332031
pdip,1.3975863109476137
pondok,1.1582576296548117
shalat,-1.1632940066320445
kaji,-1.0386015252534644
tiang,1.196479424845241
ringan,1.149496797860596
lhoo,-1.2658792426970682
away,-1.1108103962900375
exo,-1.0609100686954394
adzan,-1.124572263160855
sugus,-1.2343987379033297
iring,1.149165062123472
couple,-1.091956707886758
bak,-1.1620058994999678
persepsi,1.250231486351029
kebahagian,1.1569600164044487
service,-1.140464370579979
rekomendasi,-1.184937234352927
l,-1.0808020896126744
kenyang,-1.2003611077681822
jenjang,1.1058425784479127
template,-1.0754643737898781
ego,1.1723709775778597
ngilang,-1.2297694472982559
sapi,1.109084125374779
bawain,-1.1905536277172772
double,1.2044118166768158
anjur,1.1351337223565412
feed,-1.1464697698395487
ii,-1.1746249537121962
smile,1.0831979092635484
dibales,-1.1640053416566338
mumpung,1.1849244911531924
diskusi,1.0802644785336644
total,-1.1672043557780787
z,-1.1667705580007774
die,-1.2052073261820577
mewek,-1.145398862468481
cafe,-1.0636765566978417
jagain,1.1727628938846104
emas,-1.220909347648826
omongin,-1.175738276771111
udahlah,-1.2683335244832288
puter,-1.1546533014676066
balap,1.18516209725917
flu,-1.2218274883580744
even,-1.0850153944965546
mei,-1.1377053941525175
hero,1.096081077894556
cicil,-1.1739470681252613
dengkul,1.096918614924235
rahmat,1.2114899282830918
than,-1.122423707807909
re,1.0941963936403145
naksir,-1.2523896869649709
ular,-1.1372826226098265
tujuh,1.08361831974378
jan,-1.1703239879941456
dibilangin,1.0658275551575305
kolak,-1.2570983127176072
bisik,-1.1023062140302653
tarawih,1.1427252518142557
usap,1.1474488228040516
lelap,1.069270935660183
kriteria,1.1255219311883258
mr,1.0870025007959165
bi,1.2092116521335385
suntik,-1.1902587836481038
investasi,1.190338667647629
jkw,1.212075641957062
jembatan,1.1675516937702044
-d-,1.2329280460807523
wagub,1.1627912539134124
fine,-1.0839171543455677
marak,1.4027055050868342
gausa,1.0366206646760796
sindir,-1.0986333945090003
duli,1.0973735920850989
nasabah,1.2074976150806862
tgb,1.339420966109283
ceritain,-1.1387341034262548
sandar,1.2783890523967096
katak,1.3281143304678131
mual,-1.2257663881121572
menag,1.2176846216064308
bts,-1.0554918212377506
belok,-1.1450842354878061
hajar,-1.137320382384723
--,-1.0883868134839205
karuan,-1.0819457673255455
norak,-1.104844499317148
liar,-1.1449700996137726
ngamuk,-1.2334468628085655
because,1.1648784671794403
klik,-1.0969882871795902
istighfar,-1.1528100994389525
seragam,-1.1923896684298951
prabocor,1.363431765975659
definisi,1.120784074943768
ngirim,-1.2110393645529447
daniel,1.064719695334979
kerudung,-1.1208208128471384
numpang,1.1248149716641722
pln,-1.2179179421351995
kurir,-1.1439806601610818
wenang,1.2804941408643102
rumit,1.1532978958861657
password,-1.095367958424349
teror,1.2090304100400477
rupiah,1.1756061158609699
saham,1.1533519589036103
nuhun,1.2464238396108498
prinsip,1.1219758541522595
hahahahaha,1.1801594802314879
jempol,1.1585852969687385
nyali,-1.2271125407673698
mingkem,1.3888676829914115
tenggelam,1.1291623050107664
siluman,-1.2515747981087246
lurah,-1.1743054561356607
metal,1.2089954794852473
asumsi,-1.22973293532794
hikmah,1.2088307379990055
peka,-1.145800709257557
ngena,-1.1343532352519587
gerombol,1.1486981885157599
ngatur,1.222070497645159
pdkt,-1.1216638044215015
case,-1.2131341886189562
telur,-1.231762731024964
jancuk,1.2270823966087794
gopay,-1.1931392453001435
kasir,-1.066835218375581
istilah,1.1618093165416397
tunduk,-1.074371571950165
project,1.2204868536329672
botol,-1.101236992192684
anis,1.2066440938686651
rujuk,1.2103905186028112
saur,-1.1387464394357014
weh,-1.1742345413251467
etika,1.2021209865598756
ignya,-1.1215639537297128
ustad,1.2173559218285654
pbb,1.2955616117489068
bias,-1.1600701225678032
tengil,-1.1478571271399414
khilafah,1.2856318928487538
lagipula,1.3484851774343896
golkar,1.2873352455692868
semen,1.2835008145268372
meter,-1.0688771128175265
teknik,-1.1850247988006397
andai,-1.038743520995113
salep,-1.1064762879966257
big,1.191587842732163
ilaihi,1.2251030166888421
biru,-1.2190495594539812
nusa,1.3407289236753517
tenggara,1.3839667132966385
unsur,1.0952751775214353
skg,-1.1064911725006394
gapai,1.160319733426172
pi,-1.2106932783029865
gundul,1.3300103015148126
tagar,1.1660089689125974
tensi,-1.1780927976473137
shopee,-1.2755655859528126
r,-1.1238931716588803
barokah,1.3203024014235878
man,-1.1073092988589393
ulah,1.2325959900132755
batalin,-1.2277081071154268
cak,1.1590419460255577
yatim,1.1123482994294238
mommy,1.199820323468337
pda,1.1555964590297578
el,1.067970407319616
against,-1.2907216799456307
anteng,-1.183414520698194
youtube,-1.203442337654711
congratulations,1.2263314612320373
tembak,1.2668979300383416
agus,-1.1384315598891084
apbd,1.328641239963511
diginiin,-1.1745041370094993
dinyinyirin,-1.125397976490421
non,-1.2067264346694238
gundah,-1.0865658102005575
random,-1.3761203153376305
jnt,-1.2014529375920753
rabu,-1.1651069115707273
lanjur,1.1935116554427512
labil,-1.0717326877834081
server,-1.2247107299342617
sekira,1.0867502344213877
sarjana,1.077982309056665
amandemen,1.3396063240272722
dewe,1.1842306113873804
when,1.184019506067233
tom,-1.1027880476468677
basi,-1.1312495502326134
madam,1.1242062377701387
nobar,-1.1483597305676398
lembur,-1.0977184022026392
mcd,-1.1444997532958188
topik,-1.158490484943381
leave,-1.214101165723033
kamuuu,-1.218855639136359
fisika,-1.2232228635044191
set,-1.3129660064322128
speakup,1.136082803684351
nyetir,-1.2263855628215967
camat,1.2027156390523235
gb,-1.2163069303938285
ormas,1.261161850178343
bengong,-1.2031461389886628
pegawai,1.1494223208317007
walikota,-1.2035241528939826
hindu,1.2799397544327789
langsing,-1.2208852400883625
mpr,1.3612072047071475
joget,-1.2242159772199215
hobby,1.084218170392294
disakitin,1.069590833214464
selfie,-1.2150920003047747
sampek,-1.1585517212954282
how,1.0005098302466895
senggol,-1.1438613417197083
seksi,-1.2169236903415865
curi,1.3394811410740974
pojok,1.1147621095556604
terjemah,1.2726278780250038
ceramah,1.2668389997698193
system,1.1965732721683457
kriminalisasi,1.296018189001721
omg,-1.2586503454967541
usir,-1.2506830838077945
yesus,1.2488623392394447
tikam,1.1545919499258104
tema,-1.0709531779621528
apasih,-1.2539936035723744
akar,1.163136855529073
instan,-1.1900167278705942
khalayak,-1.2150122835455028
lap,-1.1736319798101535
tayo,-1.2629180328967815
need,1.2258799784881995
tahap,-1.1869799423790166
pr,1.0908033977712028
china,-1.1534651174870045
pvris,-1.205981970542375
disamperin,-1.255051924338614
mules,-1.1763988134215153
bangku,1.0829997633704553
modern,1.266877056309129
eneg,-1.4257822027374618
diajakin,-1.3375499052630453
kiya,1.1555281682752345
nyium,-1.320757429758584
money,-1.2154723709878654
ambience,-1.3121366384621633
jera,1.2602933528153624
mantengin,-1.2470955506197072
kate,1.0942353400164087
ira,-1.1187946389302426
modus,-1.151931983975732
yuta,-1.1806543821307538
orde,1.305981688207342
dengernya,-1.2228943145550606
keringat,-1.127261516367474
ciduk,-1.100543520110882
step,1.173146960199533
player,1.0923963610422787
kacau,-1.2415997977932645
tradisi,1.1291431049679057
pedih,1.1822123603136327
nerima,-1.2251111708386764
ibuk,-1.1988202146011322
akn,-1.127557679338494
leyeh,-1.194148778116107
israel,1.336960226814854
asrama,1.0906170946305571
end,1.0920763019402735
taruh,-1.155124649875401
single,-1.1480041891258332
stock,-1.3893142794974742
anggar,1.2168025587835314
bina,1.2798928959983749
sejuk,1.231810158118038
debu,1.1595045721284354
hits,-1.1958465883492222
slankers,1.2245225093002334
followers,-1.0804263737548452
wakil,1.24643924493156
gimanapun,-1.1422006000211886
curhatan,-1.0797721694206635
ospek,1.0529921776147133
rok,1.1116592899043056
hei,1.33323572653483
benjol,-1.157730549891981
toxic,-1.178104823085912
obrol,-1.107738114721083
scroll,-1.162387206239998
hallo,-1.2577034982505175
sop,1.1507576186953998
acuh,1.1148680640228354
bimbang,1.093990878259846
stadion,-1.122309689614809
something,1.1196626783704748
gitar,-1.3552446564226945
lot,-1.2477969909749715
every,-1.1558139591344319
euy,-1.2701468068451205
seluler,-1.1745770695481828
persen,1.1178657028427421
ngantri,-1.2761015604483532
pakde,1.1583813387776605
perlahan,1.1877669164074098
kenan,1.160759955266903
tangguh,1.283226653861915
justin,-1.1401964543563243
sedot,-1.0962936221871122
dinding,-1.121254201202577
barangkali,-1.1360677381291455
teguh,1.3379325622528224
banteng,1.234583168034969
bedah,1.1118342932481744
muat,-1.1562675370019189
cubit,-1.169404655035266
hijab,1.2403615348744297
pasuruan,1.1777698777792447
meeting,1.1885856797898258
milad,1.1718054423609925
bad,1.0940869229644745
teori,1.135067052102178
ateis,-1.1004958732756083
deskripsi,-1.2152260639579755
menor,-1.1751221197847466
far,1.113699628330413
ngliat,-1.2608202188494784
cenderung,1.2602425707791922
lukis,1.179674279277215
porsi,-1.341224317028571
rujak,-1.2290771577930213
ras,1.2595264765154395
ekor,-1.0959308008888762
ngomongnya,1.2736242605884303
aduk,1.1321738730957136
pesantren,1.3152262860347486
baring,1.163875267672742
bas,-1.2354789623266766
komunikasi,-1.113238259559627
kompak,1.11233424495512
forum,1.2972968977831179
huft,1.1301299534736495
astaghfirullah,-1.1999793994604608
sarap,-1.10031936725776
makmur,1.282138035606906
demam,-1.252005707716058
hemat,1.157231700721795
review,-1.1393757023311233
tempo,1.11257373532303
again,1.2477898735847184
capek,-1.0689664135898838
takdir,1.125203803774586
klub,1.1509254715370083
bumbu,-1.2463134603964166
bab,-1.1295377976960475
sate,-1.2209817588463139
pendam,1.3026571193776457
apple,1.2237787246004674
dibiarin,1.235004090883318
badminton,1.1769948094101998
cina,1.100362686274732
caper,-1.121238537096754
amrik,-1.1471108076426204
dark,-1.2727504905137146
old,1.2024509810453403
dzuhur,1.1410055584648846
diary,-1.0827805993522457
ce,-1.0470903486585
panen,1.1936068894958256
note,-1.0613453981683894
down,-1.1536124611801604
mang,-1.1901857740335082
kerna,1.2923817820504175
amit,-1.2050705619070925
ancam,1.265181791342064
sinetron,-1.2692069779995967
huni,-1.291491261269882
filter,-1.1525742850675675
test,1.1814149278706882
sosialisasi,1.1715932348005038
cuy,-1.111158889044569
rawan,-1.1996592277939924
nursehah,1.2853240083449209
rasional,1.1769651158727799
tunggal,1.1438488975508798
hahah,-1.2881673178086277
humble,1.156669092388637
sktm,1.1245944491145692
coklat,-1.2542397484786323
fm,-1.1981284297872998
nyapres,1.3079573587101547
rabb,1.1353069477994173
nelayan,-1.1525936075198073
statement,1.1227278246187071
qu,-1.1812198945664583
beautiful,-1.1852571606777844
spirit,1.2226319334364215
gebetan,-1.278160672705937
kantin,-1.0712583288678463
hubungin,-1.2093425686373502
tut,-1.3100416020161836
konflik,1.197061620965487
comeback,-1.1719214932322106
musibah,1.2811327763954683
wartawan,1.2931933059156304
remaja,1.3141413109647893
pencet,-1.1373613296450154
akur,-1.1479882309258949
seno,1.1208381646096555
provinsi,1.2504908799427317
valen,1.1456649343819003
gowes,-1.1962107452557034
design,-1.215218353794218
customer,-1.2825076872641816
ngawur,1.178741595022114
ngecek,-1.2798007003939633
pagar,-1.2007108726952347
jongos,1.384327709159184
jilat,1.1855929423224063
bing,-1.1222940468716796
standar,-1.1443757451378924
masalalu,-1.0499188757046325
instead,1.1432375605830267
tweetnya,-1.1540175414970952
rek,1.0525553038816993
pensiun,1.1848617583328966
lubang,-1.1397802505516268
ra,1.1514811584900604
aim,1.1415949314387308
legend,-1.2256649946392209
mince,1.2087671564729883
ke-,-1.138505648357469
nikahin,-1.091488496203403
guling,1.142086906770643
timeline,-1.163475946183657
rewel,-1.0481602256276354
bayarin,-1.1520411555601784
senior,1.3097823868773333
gandeng,1.0601461442166387
tidak-ada,-1.3282024829405328
bukalapak,-1.1528151125693311
ava,-1.1548371965000643
lupain,-1.076477381519874
gedung,-1.132973038277181
motong,-1.2150776874296916
santun,1.1858386327992583
pala,-1.1379261923912793
kocok,-1.2605430653224352
kelam,1.2343899480793468
zona,1.24412457250949
pt,1.3742782305514831
bus,-1.0919132615088216
daku,1.0934216349658663
isya,-1.179318817967871
klien,-1.1405636782325772
bodoamat,-1.1497744115549662
monster,-1.1016061268638828
mino,-1.147850998506472
beban,1.2390320836437474
ngaruh,-1.1714954411891236
mao,-1.1028330294086528
said,-1.1741629285679496
kedok,1.284604081728026
supir,-1.193565836573215
medis,1.218113610527024
sender,1.170657640437064
alternatif,1.1436678222429157
kecup,1.2205235480532772
hyung,-1.2209758078471407
tegur,1.2643851059002906
restart,-1.2618396886028864
sis,1.162332141836593
urusin,-1.146766543988215
give,-1.1590242290441064
hehehehe,1.3505835734130265
goblog,1.365714373405269
ana,1.1676869379870762
sayur,-1.1832607742484251
sad,1.0824133266721285
park,1.04438312678484
mamih,1.0392889798919898
aju,1.3137092732535014
tafsir,1.1726149779704111
xd,-1.112874549623902
ugm,1.2536338675070726
finally,1.1059767943863288
games,-1.131732175189445
teduh,-1.0835678327463127
sembari,-1.084579244522719
npwp,-1.2567072798865608
tusuk,1.1610503323500256
nasehat,1.1790544235631244
jaewon,1.2561723052131992
jae,-1.2273307212084439
hakiki,1.2030964674657283
krim,-1.1920105137238384
kuliner,-1.1346376190968888
hidayah,1.1885913114694229
derita,1.3378118268939254
alquran,1.2279164986815083
nyamuk,1.1610064295862046
banget,-1.1316634088280355
palestina,1.4057085756758863
ditinggalin,-1.1708828265675573
sat,1.249738042181896
kecut,1.3138299308240022
reason,-1.0959199597588585
by,-1.1989714023007565
teteh,-1.0778400360911329
think,1.2153827784769888
anime,-1.159666874805662
kebel,-1.1094169668872171
manajemen,1.1702446661142547
jeng,-1.1693002246367963
kalem,-1.1143128450688662
apaa,-1.1109327332608974
men,1.1980839541751414
atlit,1.052269966409829
tidak-enak,-1.2389938647802703
musuh,-1.13540776551418
ditelp,-1.063873196040394
benny,1.2582125111014926
ngaku,1.239111818072701
pancing,1.2383245292889284
bumn,1.1044225047777514
sure,1.1046517401999292
konsumen,1.171253361346176
aisyah,1.250630396657239
rangkai,1.1467902155933771
isteri,1.052198657727549
utara,1.2613385758164168
populer,1.155604238345841
terbit,1.2047005904318193
singa,1.0590264063562465
desi,-1.1035474496205706
sabun,-1.2388745676363477
halu,-1.2100909101873267
ginian,1.335982185398375
kg,-1.1682613296476325
lusa,-1.199300537528926
hafal,1.1071074930590237
tokopedia,-1.2381891941330232
alarm,-1.2849292403244355
nyebrang,-1.217251395610708
lengan,-1.10233206747392
alis,-1.1057252676726737
komennya,-1.1542419008361682
fight,-1.111601369220788
lintas,1.2203147492060318
purnama,1.3058790913379499
masyaallah,1.1604405417664507
tik,-1.2008028954740166
then,1.1348970409300976
people,1.1847436318081834
mulus,1.1644440583470161
mentari,1.1864327695509211
fh,1.2563249848709659
gue,-1.169564865927952
mesra,1.1027368242319178
muntah,-1.214448997694091
hewan,-1.260191291378484
enggan,1.1215859965999184
chatting,-1.1339464228048157
hadits,1.2952403242324753
bun,-1.1117860848977437
galon,-1.160127870656549
umar,1.1188976823139911
selang,1.1612611208406411
gamis,-1.1549901641544216
traveloka,1.1418862759564943
halah,-1.2337244132464547
serakah,1.1900875084662008
ngopi,-1.333015625933356
martabat,1.172816386325102
kejut,1.1959646837540532
kec,1.158550691131881
gincu,-1.1919647321326339
mbatin,-1.2285525376373567
perilaku,1.1163829053726617
ikon,1.178420282404265
trotoar,1.1846746288663046
nongki,-1.2332665075616835
riba,-1.1011031039879289
drastis,1.162477092335373
caci,1.183250094434677
cie,-1.155214808784399
rasul,1.3436897289736665
superhero,1.3456617053232223
bye,1.2112110992995464
skip,-1.4473021081953839
iur,-1.1285287503039496
krik,-1.1047657749455413
thamrin,-1.108947857968599
realita,-1.0729593878619816
sengsara,1.2453867411491752
siswa,1.2087625637787887
fungsi,-1.2499150324269792
suhu,1.2670201645405157
lemari,-1.2108648389545977
tetes,-1.2262031717303232
pepatah,1.1513267082222838
scra,1.1776555304375766
rahtawu,1.1274359362017217
cap,-1.251608786501927
prihatin,-1.285256164738985
kabul,1.2884007900427559
many,1.1670763453221986
merdu,1.0739482327228493
kompleks,-1.133148769788087
pidato,1.3050356544789048
lampau,1.0843223762561123
experience,1.1649131452718704
hadist,1.2012286178560219
periksa,-1.2485047477455944
otw,1.1282337891024141
koneksi,1.2032105090200476
kostan,-1.2755195122223502
sa,-1.2712033607732176
nano,-1.1731283361807832
restu,1.2057327233157764
sampul,-1.169262828232174
riah,1.284779949032216
nde,-1.1207531977817278
kuping,-1.1069682969465366
haters,-1.1975350595284395
beruang,-1.1775784870505308
way,1.239868964918334
work,1.124926311829965
morning,-1.1769061870682738
jastip,-1.267792193577962
sr,-1.1649633491969404
they,1.1804030512680124
trend,1.1403015964434893
gudang,-1.1603676902318703
pekerti,1.4806646154937027
keep,-1.2262139195155874
tarif,1.2048895191937445
mangkanya,-1.2290007057767722
telunjuk,-1.2779280777256363
siklus,1.336150242660897
dorong,1.3305895520335722
geprek,-1.3340137000286485
cetek,1.1385712604265488
akademik,1.1989391925175201
tobat,1.2494547263853977
putra,1.198190251113547
deret,1.1707794172971429
sodorin,-1.1755506637205415
amarah,1.1940874168431617
ibnu,-1.135318435793197
robot,-1.2942185907860728
lembaga,1.1912660678274765
ui,-1.2550467495604152
realisasi,1.276130064705549
atlet,1.228855273910681
kaku,1.1381111208848058
ybs,1.1222714027708602
raja,1.3211663628909687
friends,1.1549081021238137
natal,1.1607019409778456
elit,1.349371210223421
ge,-1.1945580015509558
kusam,-1.1986634598901131
wkwkwkw,-1.1220438482048767
dkk,1.2490844039919966
misqueen,-1.1394112530093428
infrastruktur,1.0839704572143987
hantam,1.2830445010616982
lidah,1.3275625466670777
garis,1.3365330902038126
brsama,1.3440971517663916
kupu,-1.2109311539092775
tweeps,1.1991416367259387
kontribusi,1.289375923009671
pia,-1.1692656307376916
nyimpen,-1.33797106759402
mempan,-1.2792685270213742
palen,-1.1857354300073664
pokokmen,1.2224192972745294
tayang,1.1830902910780858
pati,1.3410903019421068
gerindra,1.4607060903110543
ting,-1.280497707308559
halus,-1.4830267658120189
suguh,1.1616685172598555
televisi,-1.2147866638013132
zon,1.2965236637608957
baku,1.1434682681258062
puskesmas,1.1294036953453312
adam,-1.1152010190131123
tuding,1.2894059223948051
browsing,-1.2004120265456113
rantai,1.2184382738497859
komedi,-1.1742093957171247
smart,1.2035995717978227
kuatir,1.2740750983907545
could,1.2727021736523332
wisata,-1.2540118472279065
playlist,-1.1334355279095452
balek,-1.426962987611762
usahain,-1.1181221990923378
saudi,1.4249693270581585
junior,1.295864343621217
wahyu,1.2074237972354105
pipis,-1.3795699566343558
reguler,-1.1515938708184457
impression,1.10990261851032
nyaaa,-1.1797377153736968
sabrina,-1.2944295266387162
dimatiin,-1.22881390711842
t-t,-1.1776894737345482
vocal,1.099288968146386
goeun,1.1465364012167165
elektronik,-1.2440332503333376
ngelempar,-1.2148554430934544
kontak,-1.1387441139321228
semprot,-1.1071945553987323
tempurung,1.442700093870981
hegemoni,1.4022208303277632
toleran,1.4406765808589392
sains,1.384532031223059
pragmatis,1.4393699201111414
dogma,1.4138653896507067
scientism,1.3332089463912657
arogansi,-1.3086692317188071
itb,-1.3409117849204868
fariz,1.2449366602714091
busana,1.0842875410420008
provider,-1.1835927026229482
resign,-1.178367827766668
jerit,-1.288375171988034
ahahaha,-1.254060778037212
pin,-1.177424483871464
once,1.1560709961410833
megang,-1.425427833840108
nekat,-1.1044014271676588
diitung,1.1475063628003634
perhatiin,1.1360936175924778
detak,1.089855545546684
lord,-1.1686205375843604
side,1.1725234052677882
termos,-1.3337506321712231
cukur,-1.2501296173024605
pandan,-1.132662468556077
earth,1.196128690596602
tbh,-1.1879728392245028
quda,-1.1755059833375554
senter,-1.1123230645484046
hindar,1.1856988889319275
barista,1.1733815265229248
gancit,-1.2021996224047542
ngabisin,-1.1676143618366552
patroli,1.2425856214922155
imajinasi,-1.1809094483894984
rangkul,1.1046218524349125
debut,1.2239481051888712
gr,-1.214686157339522
caca,-1.181809851653303
rin,-1.323535976747443
cha,-1.1940283832151162
power,1.074065690431309
belai,1.1144539006572034
pocong,-1.2179636834893859
area,1.2605587669363723
nembak,-1.2048176552767054
nganggepnya,1.1680715252961973
notifikasi,-1.1370571574735189
kayun,1.1984974973262057
wk,-1.2511640466058627
vaseline,-1.3439696111605821
pph,-1.1880145459709297
oooo,1.550740269877791
nay,1.239166237083276
naya,1.2218498927735462
spesial,-1.2022630848519045
dadang,-1.1425096138493491
kiss,-1.1986864401362003
cute,-1.1045594180336034
lesbi,-1.1705892724210576
ombak,-1.3442288687633421
fp,1.1118805995829122
taperwer,-1.196754925592285
viva,-1.2043106697733612
ps,-1.2897060026283917
kassy,-1.187580777744339
vaksin,-1.223770838477029
cadar,1.2169351319931425
ceplukan,-1.0731792637181428
hujung,1.3437423788190033
liput,-1.2459475475770325
adipati,1.1597598375950116
surtikanti,1.1925090632333257
icip,-1.2618844710250197
menara,-1.320350800917647
trust,-1.1987358568950472
kemah,-1.0570368174092242
george,-1.1326664266115443
debet,-1.2159026729894926
lambung,-1.0576144461302273
mami,-1.277960040718643
krena,1.197412155455821
didatengin,-1.2652624051196948
bmkg,-1.127058100041639
ngibrit,-1.2148437045977534
wkwkwkwkwk,-1.1991402152228436
tur,1.3679696244749895
kam,-1.1550464419039514
biadap,1.1843376002970192
livable,1.2077416994984833
thats,-1.0804308370477407
nad,-1.2840540482890457
gag,1.0707913419279926
dinda,-1.1782036277776122
seman,1.1029680730030025
ending,-1.2028420871722767
prasangka,1.1202182474698164
beku,-1.2087820777791256
allahu,1.175943043440611
john,1.1071752381062911
butir,1.303948203653833
diperjuangin,-1.155293015645117
benah,1.2580870262827373
sunda,-1.1995341277388964
dichat,-1.1964236271576114
login,-1.133800579391735
mimin,-1.054471212036531
ngotot,-1.1496092530852875
milir,1.167033846807558
militer,1.2168425750931635
off,-1.1062520727038194
balikpapan,1.1924743373974973
maut,1.2163635101942467
belgia,1.248510168651401
cape,1.093461817919873
asiknya,1.2467138626442893
kekanak-kanakan,-1.2588138698629785
tumpah,1.1922880839062686
kmarin,-1.2372513631764341
helloo,1.4777993281375932
teyuss,-1.3241236680234008
take,-1.2679577849188617
malem,-1.1814489067979448
apel,-1.0845098875449173
ready,-1.3303594496946507
evaluasi,-1.281677716759323
duta,1.1398923712002624
praktikum,1.1871623482630091
mesjid,1.119635532495764
buntu,1.1441355081913984
luk,-1.2684626458351553
nyeletuk,-1.1612570419456056
mayan,-1.368617229440854
usung,1.3151471064435902
sulistyono,1.2059606632761366
dwi,1.1995041971861986
treak,-1.2703304349742077
mlht,1.4461315033125817
nelpon,-1.1520148577447267
lele,-1.2133339332139212
maapin,-1.2908125170572682
terap,1.2640384779222211
swasta,1.276563858127179
pangkat,1.1594512510204902
tuntut,1.3067513577728889
sumbang,1.1134654610619397
keri,1.1748546252519012
keok,1.3834479698963635
ahy,1.2893949996889487
sam,-1.1468390628150422
sawah,1.3168314903826088
ihh,-1.1730342962647449
nari,-1.426777640010853
vlive,-1.343975539438333
sejajar,-1.175618975239034
puruk,1.3078492314163774
new,1.2534038125412015
mkin,-1.220584105801026
kati,1.212560951928473
enam,1.2480989949370163
ampli,1.328546513167312
bersihin,-1.349839954383699
inong,1.272113927058138
palsu,1.1459947301558404
gemas,-1.160243220613235
syar,-1.1066483923654318
dibohongin,-1.210308510149723
nyebar,1.1400524481092087
rontok,-1.2627866732774413
popok,-1.1248322867857987
soft,1.2459437699594107
summer,-1.2918539698437899
ibunda,1.1736948946058072
tas,-1.2644886130501731
tkt,-1.2030327730545352
depresi,-1.1979485772486416
racun,-1.2655461378367499
gagah,1.1342910484022
naif,1.2694713918836564
pn,-1.1825035175555783
hey,1.2387930804352596
sertifikat,1.4054015021073127
panti,1.1630613258924758
murni,1.3173999509551355
ajaaaa,-1.2147487249746276
dd,-1.1790951086317203
uwe,-1.1520099006633049
gantiin,-1.1705587324305702
pelamin,1.2293109638150452
dicuekin,-1.268868868029166
roda,1.3047102031284106
quiz,-1.1292701758608565
wbs,-1.1811796786703488
daging,-1.209249064524978
gk-,-1.4664006513730696
irama,1.160127231410565
risiko,-1.2625529773790454
jelasinnya,-1.2134946055598599
eee,-1.1844356403472274
cemilan,-1.2681846146342497
edukasi,-1.3341821562867897
usul,1.3233164557614114
editing,1.378898279648397
hampa,-1.2948172492779748
tims,1.3614811098509925
tl,-1.3396902421416081
goblo,-1.2428660658617372
cupu,-1.3290006280385294
hmmmm,-1.1449793834229933
tepuk,1.218861931251838
gaib,1.3162132110508828
samaa,-1.1114632146187151
kontrol,-1.4148102901915205
tugu,-1.1248942743012507
tebar,1.2298101587623074
petinggi,1.2908020332654424
sekuler,1.333614511526465
muktamar,1.148480670033706
kppn,-1.496726977645327
hantar,1.0964075276178686
agenda,-1.1812287558672117
flat,-1.0881184858116693
snm,1.080498557418546
bidadari,-1.1689522068773022
akuu,-1.235693996137391
jidat,-1.2751896356545858
group,1.2541495933466054
kilat,-1.2033396287158171
waspada,1.263759111711913
pesimis,1.13471225001244
ott,1.3846358959577414
jerat,1.1977207412483386
trailer,-1.138864180677414
pns,1.2443787820684964
feminim,-1.2834523042986872
sip,-1.2757982752907104
akses,1.1572675327569022
yutub,-1.3727869139584994
naikin,-1.3110571202380779
gizi,-1.2617650829216565
hape,-1.3142253930604362
sengkuni,1.2046481160069993
mashaallah,-1.1314558869715756
refreshing,1.1825251065954576
matematika,-1.317891494307355
self,1.2339187300993888
mostly,-1.2824199348833338
rumor,1.3521878066036495
rebah,1.4064129107641812
sambat,-1.2580220545690195
siapin,-1.281318541171805
fair,-1.186882969749379
padan,1.1388820174985452
qyara,1.2416483584848366
nanggung,-1.2011369811523367
didlm,-1.399699972521744
jendela,-1.29298713975854
segar,1.1931073334637
micin,-1.1607044094474224
complain,1.205914506201205
perkosa,1.0823029688615033
input,-1.1375150677870878
ngisi,-1.185365491335864
dikirimin,-1.3230501778345782
gaperlu,-1.2297844422826656
lambai,1.2071704103325682
camera,-1.1744282374050437
fz,1.3014469448086585
ongkos,-1.1717580212998375
tombol,-1.2457066655965363
invisible,1.2603476973412904
kain,-1.3656486289333403
girang,-1.0951602812534873
report,-1.2138112600087616
suap,1.1757718276001976
hhhh,-1.189652005858528
planet,-1.110311595092889
namjoon,-1.1559564881065836
koh,-1.1798860423021815
ngenalin,-1.0945936831133964
kaaan,-1.1572147332639413
subhanalloh,-1.2646176720806235
senandung,1.2261811367286515
dusta,1.2621425722336248
senja,1.1060075709168888
gocar,-1.224091883220082
trimakasih,1.3672142131125464
nampar,-1.227447138580735
finansial,1.2873017200417014
truth,-1.0997610164430824
sosis,-1.3222086542486737
ijo,-1.2730759056036536
supporter,1.1932126500312548
menung,1.2519635603089874
mini,-1.2989844228283018
april,-1.103979855852602
blablabla,1.2471355519288896
luck,-1.169110054785895
intoleran,1.2984866085212288
slip,-1.296288863144527
sbagai,1.394523026002369
bubarin,1.3130727206813129
ngumpulin,-1.1423937063693805
darimana,-1.3830163027277478
gerah,-1.3335604592244987
tam,-1.150576273573724
denda,-1.3217353431190062
numpuk,-1.2938622655443681
translate,-1.3086124839265767
less,-1.2949501335081823
being,-1.1996411528436286
pulpen,-1.1758136259787695
orba,1.2010007385994372
kanada,1.2061300937892623
very,-1.3682859830728216
rakus,1.2070474358890453
kasmaran,1.2543325330229957
mature,-1.2569204850119975
temuin,1.216395569071919
tunai,1.1123202703666406
aka,1.1440826144116938
lapak,-1.1819493102605543
diajarin,-1.154194070023718
temenan,-1.2882566514775564
karen,1.1372627222314127
ngikut,1.0520531153500858
pangan,-1.2139130631169783
almh,1.119105735954178
yakaan,-1.1604646003095858
hdpku,1.341368422055515
aparat,1.2903775467401324
densus,1.246288965164063
viralkan,1.2961702632689291
jahe,-1.2591352292050082
kulkas,-1.2520354647176273
purple,1.1166457343251137
posesif,-1.1380099206443632
ham,1.2939583538730586
pangku,-1.1476321767855933
salemba,-1.1337297768285957
ngiang,-1.2345157519328507
gelisah,-1.2899993723721643
other,1.1769230248657436
dialog,-1.269555420692121
did,-1.1784498131136485
edit,-1.142498499696619
wth,-1.3324832843679215
po,-1.2807264701342806
lutut,-1.1797323524226304
sound,1.1607014388400614
nothing,-1.1954027809878627
nyolot,-1.2464314437392932
busway,-1.1198218812641691
anonim,-1.1665583360220437
enteng,1.330491459083454
trima,1.2795154176786283
kitab,1.1495882272979068
lomba,1.1266948133370764
khatam,-1.3028018788398927
ehe,-1.2315762119389386
gemetar,-1.169310517677904
resep,-1.1913340993751937
anu,-1.0686882621750091
diomongin,-1.1879757138742488
made,1.2941895666197993
suporter,1.255204049300879
provokator,1.2870307144210982
treatment,1.1340462000087332
sendal,-1.2077885566420596
jepit,-1.2711991580232849
al-qur,-1.116381086121161
nurutin,1.1259015667853156
golput,1.3314942174700752
ppdb,1.2281157645777114
depok,-1.1856825005860268
berkas,-1.2406801720689968
imbas,1.3494445506183004
telfon,-1.2545587697522667
dzalim,1.2584322941646104
balikin,1.1506011260995477
mamah,-1.1541395713402929
mertua,-1.2373613388926068
bongkar,-1.2089671237585093
siram,-1.1075295702808072
---,-1.14997504781658
edisi,-1.199840982717962
cetak,1.1959588410167223
soleh,1.2668357785245312
xellent,1.2269548182652583
aaahhhh,1.174045152403506
fadli,1.2934912672665764
ac,-1.2299993365736532
wibawa,1.1372708112500225
reschedule,-1.184141022768557
wo,1.1687566196082362
salur,1.1479918121797508
musnah,1.3128633874160143
capung,-1.1817024885511627
usut,-1.1880562620085042
ngebet,-1.22294945062785
bep,-1.2806190893520213
friend,1.1939189961463723
rajalela,1.3217929459173368
widodo,1.235501975782532
aya,1.2405028409406165
rusuh,1.0836764418455294
luang,1.2188132924680084
ban,-1.2418612997919598
pc,-1.2106137500474223
kacamata,-1.0835039132409334
wagelaseh,-1.1924170566336778
kolam,1.2745850072421467
lekat,1.2447700487386741
kompromi,1.2298571795058368
rizik,1.4025875900371179
miring,1.3994712893873096
joko,1.2069129980830522
poltekkes,-1.1549600779530258
eehh,-1.2047084477624226
kategori,-1.1358762821778883
noor,-1.1589482240747795
ngemis,-1.2808797802290048
optimis,1.2889498439723384
nasehatin,1.1709494963889058
frontal,-1.1227135345526578
urat,-1.1943035757979155
https,1.345261728161948
banting,1.1572777106320264
ntb,1.2678917865411259
signal,-1.335491932362699
sultan,1.2360392579726909
napsu,1.1511068750007458
taman,-1.1061996412548063
workshop,1.2773949160711777
cuaca,1.141354944134288
rm,1.2432034906904146
daun,-1.129678667334197
seksama,-1.239400895369375
ai,-1.2729632726465574
pan,1.3122576855617847
favorite,-1.1867170044041435
ora,-1.2161110797570447
annoying,1.1313730098083563
nurunin,-1.1713149751821248
dibenerin,-1.2182338458125652
epic,1.3024864389589679
toll,1.1117961721685408
selo,-1.2277478044185341
lil,-1.1521875756738684
sepenuh,1.1556444384496507
koper,-1.3021928225171344
worst,1.337581010829799
hambur,1.123218643435542
happen,1.2677311062250824
things,-1.1569863953754915
ecek,-1.2564348784452395
ideologi,1.4095307419701664
taipan,1.4838109790014944
waswas,-1.3086828974615692
pabrik,1.171651197288176
gusti,1.029572765332246
indosat,1.2552693298548838
papua,1.2167366533859683
sesi,-1.2180466430898362
kubu,1.3855050206248005
passion,1.0314206148178657
dprri,1.3591634112558093
ghibah,-1.180485318202885
malik,-1.1007783062702088
moon,1.108127761161088
talk,-1.1864307488623211
kamis,-1.2896431951076983
rendang,-1.2107709839193688
hell,1.204176978627115
rangorang,-1.3193042579689784
if,1.277304256306342
geng,-1.244537884706692
packing,-1.2842838563407524
mvp,1.1341371448546387
tendang,1.1732619332143623
bencong,1.1470500739007732
cintad,1.2922871778499039
nitip,-1.2706386506421206
verifikasi,-1.2448420525291233
tarung,1.3782837608675609
nganggep,-1.2053184340514462
clear,1.2463833687182888
macan,1.2131592990679692
gombal,1.2200175100016788
cabe,-1.2857401636613202
rizieq,1.3910955912924396
habib,1.2764081164035574
stok,-1.2208184696240978
kopling,-1.2739211778993849
miliar,-1.3141625275969315
mainin,-1.4389758381931208
dibeliin,-1.2912686741026185
utus,1.0985455307753904
mustahil,1.4569434925954834
tampung,1.1713718430209736
ceria,1.0796361321123313
spade,1.1986978037504157
yahudi,1.23991218946459
seger,-1.2352859285343265
asia,1.2830725099639104
senonoh,-1.1877452816762057
hehehee,1.2366487257934768
jejeritan,-1.2455383203443204
ena,1.2242202172251215
taek,1.3541208885038152
menye,-1.1375465683140802
iba,1.1109604411385596
yaaaa,1.2853794651864197
gih,-1.3099610108851378
kapasitas,1.3341068525721513
peluang,-1.1245458174446452
martabak,-1.2152427426463357
blunder,1.1121959453318981
mel,-1.0761640869181723
poin,1.3781803781628301
ngabalin,1.193273462494699
logis,1.2636103434785895
vote,1.3464919672749702
jurnal,1.0886259963262295
mbk,1.2628563051759114
tuai,1.199322681215099
selubung,-1.2163269526631937
reaksi,-1.1209762296321455
mbanya,-1.1171646017906378
absurd,-1.1210080723140958
body,-1.2362286877558815
durasi,1.2068282871416516
crew,1.2608233895698038
maba,-1.2987231383930142
yallah,-1.1794693009983643
iku,1.079945257969148
binatang,1.217816908942957
better,-1.2894584319069244
aurat,1.0993318756186192
nyontek,-1.1876362625342036
black,-1.225784106438447
br,-1.2423324903575277
sesimple,-1.3638236684014164
woles,1.21692405858683
adat,1.3048503865353833
bege,-1.1448393326207407
mens,-1.229498511489559
sll,1.343560784663699
tidak-usah,1.2354768339341096
nyumpahin,-1.134525199060303
ding,-1.2191126757539563
kemari,-1.2771485415883297
dipaksain,-1.2286159588177112
batik,-1.2447410158784813
spam,-1.3874196290635425
grgr,-1.3169501710968359
tidak-pernah,-1.1298835073379723
baswedan,1.1645511814667535
ngajakin,-1.3534894061388418
nk,-1.213269307424382
hayuk,-1.2026880520923622
nyengir,1.140427073717099
ay,1.2443297043469548
job,1.1327914141874011
alem,-1.208961815042848
ngadu,-1.1379890396729155
hapy,1.27135421559378
humoris,-1.0817772015391327
nyapa,-1.2665659326234298
sel,1.2152207646644528
ngalah,-1.292871432347359
permanen,-1.2943155040545937
ever,-1.1541112663050637
helat,1.2196479394699602
ngerubah,-1.2273018752216356
tyda,-1.3055575340036576
sunscreen,-1.1792338806067577
part,-1.1517147470102365
sukarno,1.287067766722255
kes,-1.1945863708877744
potensi,1.3604179812581934
ngelawan,-1.1548837500403337
uras,1.2389694795915358
nte,-1.0604529562772755
rang,1.2120298672066059
papar,1.2744496453519265
digodain,-1.1915813137472189
iklan,-1.2667445560742698
vv,-1.1291526107013392
dibantuin,-1.2763382527393394
perspektif,1.363243123835901
neg,1.2863158108864294
bbm,1.3690376198615704
ngerekam,-1.1613279011114226
ngehujat,1.2050587095012673
perihal,-1.0388137829800248
dicariin,-1.2729323116790776
kritisi,1.172628560563598
bondong,1.2316857490812134
garam,1.2362768743204497
check,-1.2227802820324107
get,-1.1846025298046021
sdr,1.2191203432548088
soon,-1.1468140448473991
dika,-1.3102400256706375
want,1.2267302857344482
know,1.395113052903903
pakdhe,1.2655114051797554
ang,1.1929775795310018
sein,-1.3075496036290282
store,-1.1474490691317403
nyerah,-1.2226193808743007
haus,1.397171121462745
break,1.2684542209677996
kritis,-1.1277826732888139
labuh,1.1714731923670676
budget,1.071443876951098
malemnya,-1.2138870097617505
konsentrasi,1.2846105474443872
ki,-1.3322996837935164
udahan,-1.2542463256638428
moral,1.271101682011722
aset,1.2259294401659622
malak,1.422941646348328
hadeuh,-1.200351584051934
kalo,-1.2461545086867423
impor,1.2984318074402197
charles,-1.3028704694920479
j,-1.3385566591520006
congrats,-1.2035887649146428
minus,-1.2048184901878154
lesu,1.2265789344356148
image,-1.2577602968752772
jawat,1.1319700960338865
ngadepin,1.0603732744756365
don,1.0984598866959923
prioritas,-1.1978489487637942
maksain,-1.2484600160441957
toc,1.2546377452820419
backers,1.3182065670907734
gangguin,-1.2098837418865978
azab,1.101897922646891
pmarahan,1.2241147528988672
ask,-1.260129706740869
becandaan,-1.285533758123025
ngoceh,-1.2531029583991553
payung,-1.1335384726910935
nipu,-1.2153665794676645
laluny,1.3118198073353127
pengikutny,1.3061509533783497
moter,1.339577754004027
nyerang,-1.1840405803550662
tajir,1.0818040805533766
owner,1.1517509448843601
goa,1.1703908486703978
diketawain,1.2767830540780458
oranglain,1.2607707247344493
son,1.3097881067495407
co,1.179391022945539
nakal,1.2238115885285454
sorry,-1.1885494259048375
lingkar,1.1737378159455252
cool,1.1174869792616278
pendiem,-1.2087326703991532
shooting,1.1570501091712095
karung,1.2406656084224899
kerupuk,-1.2751127704732361
include,1.1856706029694974
bijaksana,1.2355854759047367
ajaaa,-1.1710587287128769
ijazah,-1.20580379568462
rapot,-1.1905394190848746
konsul,-1.124880561500631
anter,-1.115543614818561
sabang,1.243995803500894
robek,1.2131001902531449
dalem,-1.1957607407736979
food,-1.2906135467272588
channel,-1.2724734571737375
pahala,1.2337068277893068
ehhh,-1.356730666909638
bandel,-1.2594232246270027
type,-1.2297810676687084
grab,-1.1746894846915688
tempe,-1.1463004339474598
ampas,1.310592632080443
gasih,-1.178301338137018
paman,-1.1929041661380113
rintang,1.085784226267193
jugak,1.2545051066598178
tk,1.3698607146930242
nona,-1.1738856181171102
tempuh,1.1902768416670901
acha,-1.1715196744386671
fanatik,1.1765610868546748
toilet,-1.2539717913443496
haram,-1.1121638139856311
fyi,1.209551486177846
badai,1.2583905320753463
tipis,1.1862713205628843
jugaaa,-1.2034238936874149
anniv,1.1909320115374769
woojin,1.2428054015093721
paha,-1.2640839825562444
welcome,1.2128870067134854
risih,-1.2059117188009165
ariel,-1.1958888215315913
mom,1.4351949158732755
point,1.3397797656066655
retweet,-1.321792227492916
nge-tweet,-1.2930556971835654
telkom,-1.1278000120911622
bonus,-1.1953340010492701
still,1.222149974708321
harrasement,-1.0915229811871392
saudari,1.064229775028702
gemesin,-1.2121328756696481
koleksi,-1.1600281462427273
remeh,1.2707168486483587
kemas,1.5772858871634134
auto,-1.3582235347011602
blame,1.2832651175298915
victim,1.1897534714332985
urut,-1.2345848397638415
hastag,-1.4347593206134692
wait,-1.3071049457360484
gbu,1.1623657702842805
instastory,-1.245437378426793
tikus,-1.111796911225837
ramal,1.256340385281842
gituu,-1.3007049305283225
nihh,1.2014558273417897
lacur,-1.0895734468219695
pisau,-1.1545267390488092
ranah,1.2393396785657793
muhasabah,1.1582748337627535
rit,1.4315570429077429
